tier	accession	strain	set	verdict	amplicon_bp	detail	amplicon_drift
quality-review	GCF_000441635.1	RC-F(s)/852	mutL	EXACT	127		
quality-review	GCF_000441635.1	RC-F(s)/852	aroB_primary	EXACT	144		
quality-review	GCF_000441635.1	RC-F(s)/852	aroB_alt1	EXACT	101		
quality-review	GCF_000441635.1	RC-F(s)/852	aroB_alt2	EXACT	82		
quality-review	GCF_000441635.1	RC-F(s)/852	PSD2_primary	EXACT	214		
quality-review	GCF_000441635.1	RC-F(s)/852	PSD2_alt1	EXACT	82		
quality-review	GCF_000441635.1	RC-F(s)/852	group_306	EXACT	90		
quality-review	GCF_000441715.1	RC-F(s)/342	mutL	EXACT	127		
quality-review	GCF_000441715.1	RC-F(s)/342	aroB_primary	EXACT	144		
quality-review	GCF_000441715.1	RC-F(s)/342	aroB_alt1	EXACT	101		
quality-review	GCF_000441715.1	RC-F(s)/342	aroB_alt2	EXACT	82		
quality-review	GCF_000441715.1	RC-F(s)/342	PSD2_primary	EXACT	214		
quality-review	GCF_000441715.1	RC-F(s)/342	PSD2_alt1	EXACT	82		
quality-review	GCF_000441715.1	RC-F(s)/342	group_306	EXACT	90		
quality-review	GCF_000441735.1	RC-J(s)/122	mutL	EXACT	127		
quality-review	GCF_000441735.1	RC-J(s)/122	aroB_primary	EXACT	144		
quality-review	GCF_000441735.1	RC-J(s)/122	aroB_alt1	EXACT	101		
quality-review	GCF_000441735.1	RC-J(s)/122	aroB_alt2	EXACT	82		
quality-review	GCF_000441735.1	RC-J(s)/122	PSD2_primary	EXACT	214		
quality-review	GCF_000441735.1	RC-J(s)/122	PSD2_alt1	EXACT	82		
quality-review	GCF_000441735.1	RC-J(s)/122	group_306	EXACT	90		
quality-review	GCF_001183765.1	D/CS637/11	mutL	EXACT	127		
quality-review	GCF_001183765.1	D/CS637/11	aroB_primary	EXACT	144		
quality-review	GCF_001183765.1	D/CS637/11	aroB_alt1	EXACT	101		
quality-review	GCF_001183765.1	D/CS637/11	aroB_alt2	EXACT	82		
quality-review	GCF_001183765.1	D/CS637/11	PSD2_primary	EXACT	214		
quality-review	GCF_001183765.1	D/CS637/11	PSD2_alt1	EXACT	82		
quality-review	GCF_001183765.1	D/CS637/11	group_306	EXACT	90		
quality-review	GCF_001183805.1	E/CS1025/11	mutL	EXACT	127		
quality-review	GCF_001183805.1	E/CS1025/11	aroB_primary	EXACT	144		
quality-review	GCF_001183805.1	E/CS1025/11	aroB_alt1	EXACT	101		
quality-review	GCF_001183805.1	E/CS1025/11	aroB_alt2	EXACT	82		
quality-review	GCF_001183805.1	E/CS1025/11	PSD2_primary	EXACT	214		
quality-review	GCF_001183805.1	E/CS1025/11	PSD2_alt1	EXACT	82		
quality-review	GCF_001183805.1	E/CS1025/11	group_306	EXACT	90		
quality-review	GCF_001183825.1	F/CS847/08	mutL	EXACT	127		
quality-review	GCF_001183825.1	F/CS847/08	aroB_primary	EXACT	144		
quality-review	GCF_001183825.1	F/CS847/08	aroB_alt1	EXACT	101		
quality-review	GCF_001183825.1	F/CS847/08	aroB_alt2	EXACT	82		
quality-review	GCF_001183825.1	F/CS847/08	PSD2_primary	EXACT	214		
quality-review	GCF_001183825.1	F/CS847/08	PSD2_alt1	EXACT	82		
quality-review	GCF_001183825.1	F/CS847/08	group_306	EXACT	90		
quality-review	GCF_001183845.1	Ia/CS190/96	mutL	EXACT	127		
quality-review	GCF_001183845.1	Ia/CS190/96	aroB_primary	EXACT	144		
quality-review	GCF_001183845.1	Ia/CS190/96	aroB_alt1	EXACT	101		
quality-review	GCF_001183845.1	Ia/CS190/96	aroB_alt2	EXACT	82		
quality-review	GCF_001183845.1	Ia/CS190/96	PSD2_primary	EXACT	214		
quality-review	GCF_001183845.1	Ia/CS190/96	PSD2_alt1	EXACT	82		
quality-review	GCF_001183845.1	Ia/CS190/96	group_306	EXACT	90		
quality-review	GCF_001885175.1	QH111L	mutL	EXACT	127		
quality-review	GCF_001885175.1	QH111L	aroB_primary	EXACT	144		
quality-review	GCF_001885175.1	QH111L	aroB_alt1	EXACT	101		
quality-review	GCF_001885175.1	QH111L	aroB_alt2	EXACT	82		
quality-review	GCF_001885175.1	QH111L	PSD2_primary	EXACT	214		
quality-review	GCF_001885175.1	QH111L	PSD2_alt1	OK	82		
quality-review	GCF_001885175.1	QH111L	group_306	EXACT	90		
quality-review	GCF_036285905.1	LGV II 434	mutL	EXACT	127		
quality-review	GCF_036285905.1	LGV II 434	aroB_primary	EXACT	144		
quality-review	GCF_036285905.1	LGV II 434	aroB_alt1	EXACT	101		
quality-review	GCF_036285905.1	LGV II 434	aroB_alt2	EXACT	82		
quality-review	GCF_036285905.1	LGV II 434	PSD2_primary	EXACT	214		
quality-review	GCF_036285905.1	LGV II 434	PSD2_alt1	EXACT	82		
quality-review	GCF_036285905.1	LGV II 434	group_306	EXACT	90		
quality-review	GCF_047421445.1	B/TW-5/OT	mutL	EXACT	127		
quality-review	GCF_047421445.1	B/TW-5/OT	aroB_primary	EXACT	144		
quality-review	GCF_047421445.1	B/TW-5/OT	aroB_alt1	EXACT	101		
quality-review	GCF_047421445.1	B/TW-5/OT	aroB_alt2	EXACT	82		
quality-review	GCF_047421445.1	B/TW-5/OT	PSD2_primary	EXACT	214		
quality-review	GCF_047421445.1	B/TW-5/OT	PSD2_alt1	EXACT	82		
quality-review	GCF_047421445.1	B/TW-5/OT	group_306	EXACT	90		
primary	GCF_000008725.1	D/UW-3/CX	mutL	EXACT	127		
primary	GCF_000008725.1	D/UW-3/CX	aroB_primary	EXACT	144		
primary	GCF_000008725.1	D/UW-3/CX	aroB_alt1	EXACT	101		
primary	GCF_000008725.1	D/UW-3/CX	aroB_alt2	EXACT	82		
primary	GCF_000008725.1	D/UW-3/CX	PSD2_primary	EXACT	214		
primary	GCF_000008725.1	D/UW-3/CX	PSD2_alt1	EXACT	82		
primary	GCF_000008725.1	D/UW-3/CX	group_306	EXACT	90		
primary	GCF_000012125.1	A/HAR-13	mutL	EXACT	127		
primary	GCF_000012125.1	A/HAR-13	aroB_primary	EXACT	144		
primary	GCF_000012125.1	A/HAR-13	aroB_alt1	EXACT	101		
primary	GCF_000012125.1	A/HAR-13	aroB_alt2	EXACT	82		
primary	GCF_000012125.1	A/HAR-13	PSD2_primary	EXACT	214		
primary	GCF_000012125.1	A/HAR-13	PSD2_alt1	EXACT	82		
primary	GCF_000012125.1	A/HAR-13	group_306	EXACT	90		
primary	GCF_000026905.1	B/TZ1A828/OT	mutL	EXACT	127		
primary	GCF_000026905.1	B/TZ1A828/OT	aroB_primary	EXACT	144		
primary	GCF_000026905.1	B/TZ1A828/OT	aroB_alt1	EXACT	101		
primary	GCF_000026905.1	B/TZ1A828/OT	aroB_alt2	EXACT	82		
primary	GCF_000026905.1	B/TZ1A828/OT	PSD2_primary	EXACT	214		
primary	GCF_000026905.1	B/TZ1A828/OT	PSD2_alt1	EXACT	82		
primary	GCF_000026905.1	B/TZ1A828/OT	group_306	EXACT	90		
primary	GCF_000026925.1	Jali20	mutL	EXACT	127		
primary	GCF_000026925.1	Jali20	aroB_primary	EXACT	144		
primary	GCF_000026925.1	Jali20	aroB_alt1	EXACT	101		
primary	GCF_000026925.1	Jali20	aroB_alt2	EXACT	82		
primary	GCF_000026925.1	Jali20	PSD2_primary	EXACT	214		
primary	GCF_000026925.1	Jali20	PSD2_alt1	EXACT	82		
primary	GCF_000026925.1	Jali20	group_306	EXACT	90		
primary	GCF_000068525.2	UCH-1	mutL	EXACT	127		
primary	GCF_000068525.2	UCH-1	aroB_primary	EXACT	144		
primary	GCF_000068525.2	UCH-1	aroB_alt1	EXACT	101		
primary	GCF_000068525.2	UCH-1	aroB_alt2	EXACT	82		
primary	GCF_000068525.2	UCH-1	PSD2_primary	EXACT	214		
primary	GCF_000068525.2	UCH-1	PSD2_alt1	EXACT	82		
primary	GCF_000068525.2	UCH-1	group_306	EXACT	90		
primary	GCF_000068585.1	L2/434/Bu	mutL	EXACT	127		
primary	GCF_000068585.1	L2/434/Bu	aroB_primary	EXACT	144		
primary	GCF_000068585.1	L2/434/Bu	aroB_alt1	EXACT	101		
primary	GCF_000068585.1	L2/434/Bu	aroB_alt2	EXACT	82		
primary	GCF_000068585.1	L2/434/Bu	PSD2_primary	EXACT	214		
primary	GCF_000068585.1	L2/434/Bu	PSD2_alt1	EXACT	82		
primary	GCF_000068585.1	L2/434/Bu	group_306	EXACT	90		
primary	GCF_000092485.1	D-EC	mutL	EXACT	127		
primary	GCF_000092485.1	D-EC	aroB_primary	EXACT	144		
primary	GCF_000092485.1	D-EC	aroB_alt1	EXACT	101		
primary	GCF_000092485.1	D-EC	aroB_alt2	EXACT	82		
primary	GCF_000092485.1	D-EC	PSD2_primary	EXACT	214		
primary	GCF_000092485.1	D-EC	PSD2_alt1	EXACT	82		
primary	GCF_000092485.1	D-EC	group_306	EXACT	90		
primary	GCF_000092665.1	E/150	mutL	EXACT	127		
primary	GCF_000092665.1	E/150	aroB_primary	EXACT	144		
primary	GCF_000092665.1	E/150	aroB_alt1	EXACT	101		
primary	GCF_000092665.1	E/150	aroB_alt2	EXACT	82		
primary	GCF_000092665.1	E/150	PSD2_primary	EXACT	214		
primary	GCF_000092665.1	E/150	PSD2_alt1	EXACT	82		
primary	GCF_000092665.1	E/150	group_306	EXACT	90		
primary	GCF_000092685.1	G/9768	mutL	EXACT	127		
primary	GCF_000092685.1	G/9768	aroB_primary	EXACT	144		
primary	GCF_000092685.1	G/9768	aroB_alt1	EXACT	101		
primary	GCF_000092685.1	G/9768	aroB_alt2	EXACT	82		
primary	GCF_000092685.1	G/9768	PSD2_primary	EXACT	214		
primary	GCF_000092685.1	G/9768	PSD2_alt1	EXACT	82		
primary	GCF_000092685.1	G/9768	group_306	EXACT	90		
primary	GCF_000092705.1	G/11222	mutL	EXACT	127		
primary	GCF_000092705.1	G/11222	aroB_primary	EXACT	144		
primary	GCF_000092705.1	G/11222	aroB_alt1	EXACT	101		
primary	GCF_000092705.1	G/11222	aroB_alt2	EXACT	82		
primary	GCF_000092705.1	G/11222	PSD2_primary	EXACT	214		
primary	GCF_000092705.1	G/11222	PSD2_alt1	EXACT	82		
primary	GCF_000092705.1	G/11222	group_306	EXACT	90		
primary	GCF_000092725.1	G/11074	mutL	EXACT	127		
primary	GCF_000092725.1	G/11074	aroB_primary	EXACT	144		
primary	GCF_000092725.1	G/11074	aroB_alt1	EXACT	101		
primary	GCF_000092725.1	G/11074	aroB_alt2	EXACT	82		
primary	GCF_000092725.1	G/11074	PSD2_primary	EXACT	214		
primary	GCF_000092725.1	G/11074	PSD2_alt1	EXACT	82		
primary	GCF_000092725.1	G/11074	group_306	EXACT	90		
primary	GCF_000092745.1	E/11023	mutL	EXACT	127		
primary	GCF_000092745.1	E/11023	aroB_primary	EXACT	144		
primary	GCF_000092745.1	E/11023	aroB_alt1	EXACT	101		
primary	GCF_000092745.1	E/11023	aroB_alt2	EXACT	82		
primary	GCF_000092745.1	E/11023	PSD2_primary	EXACT	214		
primary	GCF_000092745.1	E/11023	PSD2_alt1	EXACT	82		
primary	GCF_000092745.1	E/11023	group_306	EXACT	90		
primary	GCF_000092805.1	G/9301	mutL	EXACT	127		
primary	GCF_000092805.1	G/9301	aroB_primary	EXACT	144		
primary	GCF_000092805.1	G/9301	aroB_alt1	EXACT	101		
primary	GCF_000092805.1	G/9301	aroB_alt2	EXACT	82		
primary	GCF_000092805.1	G/9301	PSD2_primary	EXACT	214		
primary	GCF_000092805.1	G/9301	PSD2_alt1	EXACT	82		
primary	GCF_000092805.1	G/9301	group_306	EXACT	90		
primary	GCF_000093005.1	D-LC	mutL	EXACT	127		
primary	GCF_000093005.1	D-LC	aroB_primary	EXACT	144		
primary	GCF_000093005.1	D-LC	aroB_alt1	EXACT	101		
primary	GCF_000093005.1	D-LC	aroB_alt2	EXACT	82		
primary	GCF_000093005.1	D-LC	PSD2_primary	EXACT	214		
primary	GCF_000093005.1	D-LC	PSD2_alt1	EXACT	82		
primary	GCF_000093005.1	D-LC	group_306	EXACT	90		
primary	GCF_000173475.1	6276	mutL	EXACT	127		
primary	GCF_000173475.1	6276	aroB_primary	EXACT	144		
primary	GCF_000173475.1	6276	aroB_alt1	EXACT	101		
primary	GCF_000173475.1	6276	aroB_alt2	EXACT	82		
primary	GCF_000173475.1	6276	PSD2_primary	EXACT	214		
primary	GCF_000173475.1	6276	PSD2_alt1	EXACT	82		
primary	GCF_000173475.1	6276	group_306	EXACT	90		
primary	GCF_000173495.1	6276s	mutL	EXACT	127		
primary	GCF_000173495.1	6276s	aroB_primary	EXACT	144		
primary	GCF_000173495.1	6276s	aroB_alt1	EXACT	101		
primary	GCF_000173495.1	6276s	aroB_alt2	EXACT	82		
primary	GCF_000173495.1	6276s	PSD2_primary	EXACT	214		
primary	GCF_000173495.1	6276s	PSD2_alt1	EXACT	82		
primary	GCF_000173495.1	6276s	group_306	EXACT	90		
primary	GCF_000173515.1	70	mutL	EXACT	127		
primary	GCF_000173515.1	70	aroB_primary	EXACT	144		
primary	GCF_000173515.1	70	aroB_alt1	EXACT	101		
primary	GCF_000173515.1	70	aroB_alt2	EXACT	82		
primary	GCF_000173515.1	70	PSD2_primary	EXACT	214		
primary	GCF_000173515.1	70	PSD2_alt1	EXACT	82		
primary	GCF_000173515.1	70	group_306	EXACT	90		
primary	GCF_000173535.1	70s	mutL	EXACT	127		
primary	GCF_000173535.1	70s	aroB_primary	EXACT	144		
primary	GCF_000173535.1	70s	aroB_alt1	EXACT	101		
primary	GCF_000173535.1	70s	aroB_alt2	EXACT	82		
primary	GCF_000173535.1	70s	PSD2_primary	EXACT	214		
primary	GCF_000173535.1	70s	PSD2_alt1	EXACT	82		
primary	GCF_000173535.1	70s	group_306	EXACT	90		
primary	GCF_000174055.1	2923	mutL	EXACT	127		
primary	GCF_000174055.1	2923	aroB_primary	EXACT	144		
primary	GCF_000174055.1	2923	aroB_alt1	EXACT	101		
primary	GCF_000174055.1	2923	aroB_alt2	EXACT	82		
primary	GCF_000174055.1	2923	PSD2_primary	EXACT	214		
primary	GCF_000174055.1	2923	PSD2_alt1	EXACT	82		
primary	GCF_000174055.1	2923	group_306	EXACT	90		
primary	GCF_000210495.1	Sweden2	mutL	EXACT	127		
primary	GCF_000210495.1	Sweden2	aroB_primary	EXACT	144		
primary	GCF_000210495.1	Sweden2	aroB_alt1	EXACT	101		
primary	GCF_000210495.1	Sweden2	aroB_alt2	EXACT	82		
primary	GCF_000210495.1	Sweden2	PSD2_primary	EXACT	214		
primary	GCF_000210495.1	Sweden2	PSD2_alt1	EXACT	82		
primary	GCF_000210495.1	Sweden2	group_306	EXACT	90		
primary	GCF_000220105.1	L2c	mutL	EXACT	127		
primary	GCF_000220105.1	L2c	aroB_primary	EXACT	144		
primary	GCF_000220105.1	L2c	aroB_alt1	EXACT	101		
primary	GCF_000220105.1	L2c	aroB_alt2	EXACT	82		
primary	GCF_000220105.1	L2c	PSD2_primary	EXACT	214		
primary	GCF_000220105.1	L2c	PSD2_alt1	EXACT	82		
primary	GCF_000220105.1	L2c	group_306	EXACT	90		
primary	GCF_000226605.1	A2497	mutL	EXACT	127		
primary	GCF_000226605.1	A2497	aroB_primary	EXACT	144		
primary	GCF_000226605.1	A2497	aroB_alt1	EXACT	101		
primary	GCF_000226605.1	A2497	aroB_alt2	EXACT	82		
primary	GCF_000226605.1	A2497	PSD2_primary	EXACT	214		
primary	GCF_000226605.1	A2497	PSD2_alt1	EXACT	82		
primary	GCF_000226605.1	A2497	group_306	EXACT	90		
primary	GCF_000284475.1	A2497	mutL	EXACT	127		
primary	GCF_000284475.1	A2497	aroB_primary	EXACT	144		
primary	GCF_000284475.1	A2497	aroB_alt1	EXACT	101		
primary	GCF_000284475.1	A2497	aroB_alt2	EXACT	82		
primary	GCF_000284475.1	A2497	PSD2_primary	EXACT	214		
primary	GCF_000284475.1	A2497	PSD2_alt1	EXACT	82		
primary	GCF_000284475.1	A2497	group_306	EXACT	90		
primary	GCF_000304495.1	E/SW3	mutL	EXACT	127		
primary	GCF_000304495.1	E/SW3	aroB_primary	EXACT	144		
primary	GCF_000304495.1	E/SW3	aroB_alt1	EXACT	101		
primary	GCF_000304495.1	E/SW3	aroB_alt2	EXACT	82		
primary	GCF_000304495.1	E/SW3	PSD2_primary	EXACT	214		
primary	GCF_000304495.1	E/SW3	PSD2_alt1	EXACT	82		
primary	GCF_000304495.1	E/SW3	group_306	EXACT	90		
primary	GCF_000304515.1	F/SW4	mutL	EXACT	127		
primary	GCF_000304515.1	F/SW4	aroB_primary	EXACT	144		
primary	GCF_000304515.1	F/SW4	aroB_alt1	EXACT	101		
primary	GCF_000304515.1	F/SW4	aroB_alt2	EXACT	82		
primary	GCF_000304515.1	F/SW4	PSD2_primary	EXACT	214		
primary	GCF_000304515.1	F/SW4	PSD2_alt1	EXACT	82		
primary	GCF_000304515.1	F/SW4	group_306	EXACT	90		
primary	GCF_000304535.1	F/SW5	mutL	EXACT	127		
primary	GCF_000304535.1	F/SW5	aroB_primary	EXACT	144		
primary	GCF_000304535.1	F/SW5	aroB_alt1	EXACT	101		
primary	GCF_000304535.1	F/SW5	aroB_alt2	EXACT	82		
primary	GCF_000304535.1	F/SW5	PSD2_primary	EXACT	214		
primary	GCF_000304535.1	F/SW5	PSD2_alt1	EXACT	82		
primary	GCF_000304535.1	F/SW5	group_306	EXACT	90		
primary	GCF_000318525.1	A/363	mutL	EXACT	127		
primary	GCF_000318525.1	A/363	aroB_primary	EXACT	144		
primary	GCF_000318525.1	A/363	aroB_alt1	EXACT	101		
primary	GCF_000318525.1	A/363	aroB_alt2	EXACT	82		
primary	GCF_000318525.1	A/363	PSD2_primary	EXACT	214		
primary	GCF_000318525.1	A/363	PSD2_alt1	EXACT	82		
primary	GCF_000318525.1	A/363	group_306	EXACT	90		
primary	GCF_000318565.1	A/7249	mutL	EXACT	127		
primary	GCF_000318565.1	A/7249	aroB_primary	EXACT	144		
primary	GCF_000318565.1	A/7249	aroB_alt1	EXACT	101		
primary	GCF_000318565.1	A/7249	aroB_alt2	EXACT	82		
primary	GCF_000318565.1	A/7249	PSD2_primary	EXACT	214		
primary	GCF_000318565.1	A/7249	PSD2_alt1	EXACT	82		
primary	GCF_000318565.1	A/7249	group_306	EXACT	90		
primary	GCF_000318645.1	E/Bour	mutL	EXACT	127		
primary	GCF_000318645.1	E/Bour	aroB_primary	EXACT	144		
primary	GCF_000318645.1	E/Bour	aroB_alt1	EXACT	101		
primary	GCF_000318645.1	E/Bour	aroB_alt2	EXACT	82		
primary	GCF_000318645.1	E/Bour	PSD2_primary	EXACT	214		
primary	GCF_000318645.1	E/Bour	PSD2_alt1	EXACT	82		
primary	GCF_000318645.1	E/Bour	group_306	EXACT	90		
primary	GCF_000318765.1	Ia/SotonIa1	mutL	EXACT	127		
primary	GCF_000318765.1	Ia/SotonIa1	aroB_primary	EXACT	144		
primary	GCF_000318765.1	Ia/SotonIa1	aroB_alt1	EXACT	101		
primary	GCF_000318765.1	Ia/SotonIa1	aroB_alt2	EXACT	82		
primary	GCF_000318765.1	Ia/SotonIa1	PSD2_primary	EXACT	214		
primary	GCF_000318765.1	Ia/SotonIa1	PSD2_alt1	EXACT	82		
primary	GCF_000318765.1	Ia/SotonIa1	group_306	EXACT	90		
primary	GCF_000318785.1	Ia/SotonIa3	mutL	EXACT	127		
primary	GCF_000318785.1	Ia/SotonIa3	aroB_primary	EXACT	144		
primary	GCF_000318785.1	Ia/SotonIa3	aroB_alt1	EXACT	101		
primary	GCF_000318785.1	Ia/SotonIa3	aroB_alt2	EXACT	82		
primary	GCF_000318785.1	Ia/SotonIa3	PSD2_primary	EXACT	214		
primary	GCF_000318785.1	Ia/SotonIa3	PSD2_alt1	EXACT	82		
primary	GCF_000318785.1	Ia/SotonIa3	group_306	EXACT	90		
primary	GCF_000318825.1	L1/440/LN	mutL	EXACT	127		
primary	GCF_000318825.1	L1/440/LN	aroB_primary	EXACT	144		
primary	GCF_000318825.1	L1/440/LN	aroB_alt1	EXACT	101		
primary	GCF_000318825.1	L1/440/LN	aroB_alt2	EXACT	82		
primary	GCF_000318825.1	L1/440/LN	PSD2_primary	EXACT	214		
primary	GCF_000318825.1	L1/440/LN	PSD2_alt1	EXACT	82		
primary	GCF_000318825.1	L1/440/LN	group_306	EXACT	90		
primary	GCF_000318845.1	L1/115	mutL	EXACT	127		
primary	GCF_000318845.1	L1/115	aroB_primary	EXACT	144		
primary	GCF_000318845.1	L1/115	aroB_alt1	EXACT	101		
primary	GCF_000318845.1	L1/115	aroB_alt2	EXACT	82		
primary	GCF_000318845.1	L1/115	PSD2_primary	EXACT	214		
primary	GCF_000318845.1	L1/115	PSD2_alt1	EXACT	82		
primary	GCF_000318845.1	L1/115	group_306	EXACT	90		
primary	GCF_000318865.1	L1/224	mutL	EXACT	127		
primary	GCF_000318865.1	L1/224	aroB_primary	EXACT	144		
primary	GCF_000318865.1	L1/224	aroB_alt1	EXACT	101		
primary	GCF_000318865.1	L1/224	aroB_alt2	EXACT	82		
primary	GCF_000318865.1	L1/224	PSD2_primary	EXACT	214		
primary	GCF_000318865.1	L1/224	PSD2_alt1	EXACT	82		
primary	GCF_000318865.1	L1/224	group_306	EXACT	90		
primary	GCF_000318885.1	L2/25667R	mutL	EXACT	127		
primary	GCF_000318885.1	L2/25667R	aroB_primary	EXACT	144		
primary	GCF_000318885.1	L2/25667R	aroB_alt1	EXACT	101		
primary	GCF_000318885.1	L2/25667R	aroB_alt2	EXACT	82		
primary	GCF_000318885.1	L2/25667R	PSD2_primary	EXACT	214		
primary	GCF_000318885.1	L2/25667R	PSD2_alt1	EXACT	82		
primary	GCF_000318885.1	L2/25667R	group_306	EXACT	90		
primary	GCF_000318905.1	L2b/8200/07	mutL	EXACT	127		
primary	GCF_000318905.1	L2b/8200/07	aroB_primary	EXACT	144		
primary	GCF_000318905.1	L2b/8200/07	aroB_alt1	EXACT	101		
primary	GCF_000318905.1	L2b/8200/07	aroB_alt2	EXACT	82		
primary	GCF_000318905.1	L2b/8200/07	PSD2_primary	EXACT	214		
primary	GCF_000318905.1	L2b/8200/07	PSD2_alt1	EXACT	82		
primary	GCF_000318905.1	L2b/8200/07	group_306	EXACT	90		
primary	GCF_000318925.1	L2b/UCH-2	mutL	EXACT	127		
primary	GCF_000318925.1	L2b/UCH-2	aroB_primary	EXACT	144		
primary	GCF_000318925.1	L2b/UCH-2	aroB_alt1	EXACT	101		
primary	GCF_000318925.1	L2b/UCH-2	aroB_alt2	EXACT	82		
primary	GCF_000318925.1	L2b/UCH-2	PSD2_primary	EXACT	214		
primary	GCF_000318925.1	L2b/UCH-2	PSD2_alt1	EXACT	82		
primary	GCF_000318925.1	L2b/UCH-2	group_306	EXACT	90		
primary	GCF_000318985.1	L2b/795	mutL	EXACT	127		
primary	GCF_000318985.1	L2b/795	aroB_primary	EXACT	144		
primary	GCF_000318985.1	L2b/795	aroB_alt1	EXACT	101		
primary	GCF_000318985.1	L2b/795	aroB_alt2	EXACT	82		
primary	GCF_000318985.1	L2b/795	PSD2_primary	EXACT	214		
primary	GCF_000318985.1	L2b/795	PSD2_alt1	EXACT	82		
primary	GCF_000318985.1	L2b/795	group_306	EXACT	90		
primary	GCF_000319105.1	L3/404/LN	mutL	EXACT	127		
primary	GCF_000319105.1	L3/404/LN	aroB_primary	EXACT	144		
primary	GCF_000319105.1	L3/404/LN	aroB_alt1	EXACT	101		
primary	GCF_000319105.1	L3/404/LN	aroB_alt2	EXACT	82		
primary	GCF_000319105.1	L3/404/LN	PSD2_primary	EXACT	214		
primary	GCF_000319105.1	L3/404/LN	PSD2_alt1	EXACT	82		
primary	GCF_000319105.1	L3/404/LN	group_306	EXACT	90		
primary	GCF_000364765.1	L2/434/Bu(i)	mutL	EXACT	127		
primary	GCF_000364765.1	L2/434/Bu(i)	aroB_primary	EXACT	144		
primary	GCF_000364765.1	L2/434/Bu(i)	aroB_alt1	EXACT	101		
primary	GCF_000364765.1	L2/434/Bu(i)	aroB_alt2	EXACT	82		
primary	GCF_000364765.1	L2/434/Bu(i)	PSD2_primary	EXACT	214		
primary	GCF_000364765.1	L2/434/Bu(i)	PSD2_alt1	EXACT	82		
primary	GCF_000364765.1	L2/434/Bu(i)	group_306	EXACT	90		
primary	GCF_000364785.1	L2/434/Bu(f)	mutL	EXACT	127		
primary	GCF_000364785.1	L2/434/Bu(f)	aroB_primary	EXACT	144		
primary	GCF_000364785.1	L2/434/Bu(f)	aroB_alt1	EXACT	101		
primary	GCF_000364785.1	L2/434/Bu(f)	aroB_alt2	EXACT	82		
primary	GCF_000364785.1	L2/434/Bu(f)	PSD2_primary	EXACT	214		
primary	GCF_000364785.1	L2/434/Bu(f)	PSD2_alt1	EXACT	82		
primary	GCF_000364785.1	L2/434/Bu(f)	group_306	EXACT	90		
primary	GCF_000441585.1	RC-F/69	mutL	EXACT	127		
primary	GCF_000441585.1	RC-F/69	aroB_primary	EXACT	144		
primary	GCF_000441585.1	RC-F/69	aroB_alt1	EXACT	101		
primary	GCF_000441585.1	RC-F/69	aroB_alt2	EXACT	82		
primary	GCF_000441585.1	RC-F/69	PSD2_primary	EXACT	214		
primary	GCF_000441585.1	RC-F/69	PSD2_alt1	EXACT	82		
primary	GCF_000441585.1	RC-F/69	group_306	EXACT	90		
primary	GCF_000441615.1	RC-L2(s)/46	mutL	EXACT	127		
primary	GCF_000441615.1	RC-L2(s)/46	aroB_primary	EXACT	144		
primary	GCF_000441615.1	RC-L2(s)/46	aroB_alt1	EXACT	101		
primary	GCF_000441615.1	RC-L2(s)/46	aroB_alt2	EXACT	82		
primary	GCF_000441615.1	RC-L2(s)/46	PSD2_primary	EXACT	214		
primary	GCF_000441615.1	RC-L2(s)/46	PSD2_alt1	EXACT	82		
primary	GCF_000441615.1	RC-L2(s)/46	group_306	EXACT	90		
primary	GCF_000441655.1	RC-J/943	mutL	EXACT	127		
primary	GCF_000441655.1	RC-J/943	aroB_primary	EXACT	144		
primary	GCF_000441655.1	RC-J/943	aroB_alt1	EXACT	101		
primary	GCF_000441655.1	RC-J/943	aroB_alt2	EXACT	82		
primary	GCF_000441655.1	RC-J/943	PSD2_primary	EXACT	214		
primary	GCF_000441655.1	RC-J/943	PSD2_alt1	EXACT	82		
primary	GCF_000441655.1	RC-J/943	group_306	EXACT	90		
primary	GCF_000441675.1	RC-J/953	mutL	EXACT	127		
primary	GCF_000441675.1	RC-J/953	aroB_primary	EXACT	144		
primary	GCF_000441675.1	RC-J/953	aroB_alt1	EXACT	101		
primary	GCF_000441675.1	RC-J/953	aroB_alt2	EXACT	82		
primary	GCF_000441675.1	RC-J/953	PSD2_primary	EXACT	214		
primary	GCF_000441675.1	RC-J/953	PSD2_alt1	EXACT	82		
primary	GCF_000441675.1	RC-J/953	group_306	EXACT	90		
primary	GCF_000441695.1	RC-L2(s)/3	mutL	EXACT	127		
primary	GCF_000441695.1	RC-L2(s)/3	aroB_primary	EXACT	144		
primary	GCF_000441695.1	RC-L2(s)/3	aroB_alt1	EXACT	101		
primary	GCF_000441695.1	RC-L2(s)/3	aroB_alt2	EXACT	82		
primary	GCF_000441695.1	RC-L2(s)/3	PSD2_primary	EXACT	214		
primary	GCF_000441695.1	RC-L2(s)/3	PSD2_alt1	EXACT	82		
primary	GCF_000441695.1	RC-L2(s)/3	group_306	EXACT	90		
primary	GCF_000441755.1	RC-J/966	mutL	EXACT	127		
primary	GCF_000441755.1	RC-J/966	aroB_primary	EXACT	144		
primary	GCF_000441755.1	RC-J/966	aroB_alt1	EXACT	101		
primary	GCF_000441755.1	RC-J/966	aroB_alt2	EXACT	82		
primary	GCF_000441755.1	RC-J/966	PSD2_primary	EXACT	214		
primary	GCF_000441755.1	RC-J/966	PSD2_alt1	EXACT	82		
primary	GCF_000441755.1	RC-J/966	group_306	EXACT	90		
primary	GCF_000441795.1	RC-J/971	mutL	EXACT	127		
primary	GCF_000441795.1	RC-J/971	aroB_primary	EXACT	144		
primary	GCF_000441795.1	RC-J/971	aroB_alt1	EXACT	101		
primary	GCF_000441795.1	RC-J/971	aroB_alt2	EXACT	82		
primary	GCF_000441795.1	RC-J/971	PSD2_primary	EXACT	214		
primary	GCF_000441795.1	RC-J/971	PSD2_alt1	EXACT	82		
primary	GCF_000441795.1	RC-J/971	group_306	EXACT	90		
primary	GCF_000441815.1	RC-L2/55	mutL	EXACT	127		
primary	GCF_000441815.1	RC-L2/55	aroB_primary	EXACT	144		
primary	GCF_000441815.1	RC-L2/55	aroB_alt1	EXACT	101		
primary	GCF_000441815.1	RC-L2/55	aroB_alt2	EXACT	82		
primary	GCF_000441815.1	RC-L2/55	PSD2_primary	EXACT	214		
primary	GCF_000441815.1	RC-L2/55	PSD2_alt1	EXACT	82		
primary	GCF_000441815.1	RC-L2/55	group_306	EXACT	90		
primary	GCF_000507225.1	C/TW-3	mutL	EXACT	127		
primary	GCF_000507225.1	C/TW-3	aroB_primary	EXACT	144		
primary	GCF_000507225.1	C/TW-3	aroB_alt1	EXACT	101		
primary	GCF_000507225.1	C/TW-3	aroB_alt2	EXACT	82		
primary	GCF_000507225.1	C/TW-3	PSD2_primary	EXACT	214		
primary	GCF_000507225.1	C/TW-3	PSD2_alt1	EXACT	82		
primary	GCF_000507225.1	C/TW-3	group_306	EXACT	90		
primary	GCF_000590575.1	F/1-93	mutL	EXACT	127		
primary	GCF_000590575.1	F/1-93	aroB_primary	EXACT	144		
primary	GCF_000590575.1	F/1-93	aroB_alt1	EXACT	101		
primary	GCF_000590575.1	F/1-93	aroB_alt2	EXACT	82		
primary	GCF_000590575.1	F/1-93	PSD2_primary	EXACT	214		
primary	GCF_000590575.1	F/1-93	PSD2_alt1	EXACT	82		
primary	GCF_000590575.1	F/1-93	group_306	EXACT	90		
primary	GCF_000590615.1	F/6-94	mutL	EXACT	127		
primary	GCF_000590615.1	F/6-94	aroB_primary	EXACT	144		
primary	GCF_000590615.1	F/6-94	aroB_alt1	EXACT	101		
primary	GCF_000590615.1	F/6-94	aroB_alt2	EXACT	82		
primary	GCF_000590615.1	F/6-94	PSD2_primary	EXACT	214		
primary	GCF_000590615.1	F/6-94	PSD2_alt1	EXACT	82		
primary	GCF_000590615.1	F/6-94	group_306	EXACT	90		
primary	GCF_000590635.1	F/11-96	mutL	EXACT	127		
primary	GCF_000590635.1	F/11-96	aroB_primary	EXACT	144		
primary	GCF_000590635.1	F/11-96	aroB_alt1	EXACT	101		
primary	GCF_000590635.1	F/11-96	aroB_alt2	EXACT	82		
primary	GCF_000590635.1	F/11-96	PSD2_primary	EXACT	214		
primary	GCF_000590635.1	F/11-96	PSD2_alt1	EXACT	82		
primary	GCF_000590635.1	F/11-96	group_306	EXACT	90		
primary	GCF_000590675.1	D/13-96	mutL	EXACT	127		
primary	GCF_000590675.1	D/13-96	aroB_primary	EXACT	144		
primary	GCF_000590675.1	D/13-96	aroB_alt1	EXACT	101		
primary	GCF_000590675.1	D/13-96	aroB_alt2	EXACT	82		
primary	GCF_000590675.1	D/13-96	PSD2_primary	EXACT	214		
primary	GCF_000590675.1	D/13-96	PSD2_alt1	EXACT	82		
primary	GCF_000590675.1	D/13-96	group_306	EXACT	90		
primary	GCF_000590755.1	J/31-98	mutL	EXACT	127		
primary	GCF_000590755.1	J/31-98	aroB_primary	EXACT	144		
primary	GCF_000590755.1	J/31-98	aroB_alt1	EXACT	101		
primary	GCF_000590755.1	J/31-98	aroB_alt2	EXACT	82		
primary	GCF_000590755.1	J/31-98	PSD2_primary	EXACT	214		
primary	GCF_000590755.1	J/31-98	PSD2_alt1	EXACT	82		
primary	GCF_000590755.1	J/31-98	group_306	EXACT	90		
primary	GCF_000971705.1	L2b/CS19/08	mutL	EXACT	127		
primary	GCF_000971705.1	L2b/CS19/08	aroB_primary	EXACT	144		
primary	GCF_000971705.1	L2b/CS19/08	aroB_alt1	EXACT	101		
primary	GCF_000971705.1	L2b/CS19/08	aroB_alt2	EXACT	82		
primary	GCF_000971705.1	L2b/CS19/08	PSD2_primary	EXACT	214		
primary	GCF_000971705.1	L2b/CS19/08	PSD2_alt1	EXACT	82		
primary	GCF_000971705.1	L2b/CS19/08	group_306	EXACT	90		
primary	GCF_000971725.1	L2b/CS784/08	mutL	EXACT	127		
primary	GCF_000971725.1	L2b/CS784/08	aroB_primary	EXACT	144		
primary	GCF_000971725.1	L2b/CS784/08	aroB_alt1	EXACT	101		
primary	GCF_000971725.1	L2b/CS784/08	aroB_alt2	EXACT	82		
primary	GCF_000971725.1	L2b/CS784/08	PSD2_primary	EXACT	214		
primary	GCF_000971725.1	L2b/CS784/08	PSD2_alt1	EXACT	82		
primary	GCF_000971725.1	L2b/CS784/08	group_306	EXACT	90		
primary	GCF_001655335.1	E-103	mutL	EXACT	127		
primary	GCF_001655335.1	E-103	aroB_primary	EXACT	144		
primary	GCF_001655335.1	E-103	aroB_alt1	EXACT	101		
primary	GCF_001655335.1	E-103	aroB_alt2	EXACT	82		
primary	GCF_001655335.1	E-103	PSD2_primary	EXACT	214		
primary	GCF_001655335.1	E-103	PSD2_alt1	EXACT	82		
primary	GCF_001655335.1	E-103	group_306	EXACT	90		
primary	GCF_001655375.1	E-160	mutL	EXACT	127		
primary	GCF_001655375.1	E-160	aroB_primary	EXACT	144		
primary	GCF_001655375.1	E-160	aroB_alt1	EXACT	101		
primary	GCF_001655375.1	E-160	aroB_alt2	EXACT	82		
primary	GCF_001655375.1	E-160	PSD2_primary	EXACT	214		
primary	GCF_001655375.1	E-160	PSD2_alt1	EXACT	82		
primary	GCF_001655375.1	E-160	group_306	EXACT	90		
primary	GCF_001655415.1	E-547	mutL	EXACT	127		
primary	GCF_001655415.1	E-547	aroB_primary	EXACT	144		
primary	GCF_001655415.1	E-547	aroB_alt1	EXACT	101		
primary	GCF_001655415.1	E-547	aroB_alt2	EXACT	82		
primary	GCF_001655415.1	E-547	PSD2_primary	EXACT	214		
primary	GCF_001655415.1	E-547	PSD2_alt1	EXACT	82		
primary	GCF_001655415.1	E-547	group_306	EXACT	90		
primary	GCF_001655455.1	E-8873	mutL	EXACT	127		
primary	GCF_001655455.1	E-8873	aroB_primary	EXACT	144		
primary	GCF_001655455.1	E-8873	aroB_alt1	EXACT	101		
primary	GCF_001655455.1	E-8873	aroB_alt2	EXACT	82		
primary	GCF_001655455.1	E-8873	PSD2_primary	EXACT	214		
primary	GCF_001655455.1	E-8873	PSD2_alt1	EXACT	82		
primary	GCF_001655455.1	E-8873	group_306	EXACT	90		
primary	GCF_001655495.1	E-32931	mutL	EXACT	127		
primary	GCF_001655495.1	E-32931	aroB_primary	EXACT	144		
primary	GCF_001655495.1	E-32931	aroB_alt1	EXACT	101		
primary	GCF_001655495.1	E-32931	aroB_alt2	EXACT	82		
primary	GCF_001655495.1	E-32931	PSD2_primary	EXACT	214		
primary	GCF_001655495.1	E-32931	PSD2_alt1	EXACT	82		
primary	GCF_001655495.1	E-32931	group_306	EXACT	90		
primary	GCF_001655535.1	E-DK-20	mutL	EXACT	127		
primary	GCF_001655535.1	E-DK-20	aroB_primary	EXACT	144		
primary	GCF_001655535.1	E-DK-20	aroB_alt1	EXACT	101		
primary	GCF_001655535.1	E-DK-20	aroB_alt2	EXACT	82		
primary	GCF_001655535.1	E-DK-20	PSD2_primary	EXACT	214		
primary	GCF_001655535.1	E-DK-20	PSD2_alt1	EXACT	82		
primary	GCF_001655535.1	E-DK-20	group_306	EXACT	90		
primary	GCF_001655575.1	F-6068	mutL	EXACT	127		
primary	GCF_001655575.1	F-6068	aroB_primary	EXACT	144		
primary	GCF_001655575.1	F-6068	aroB_alt1	EXACT	101		
primary	GCF_001655575.1	F-6068	aroB_alt2	EXACT	82		
primary	GCF_001655575.1	F-6068	PSD2_primary	EXACT	214		
primary	GCF_001655575.1	F-6068	PSD2_alt1	EXACT	82		
primary	GCF_001655575.1	F-6068	group_306	EXACT	90		
primary	GCF_002776745.1	SQ32	mutL	EXACT	127		
primary	GCF_002776745.1	SQ32	aroB_primary	EXACT	144		
primary	GCF_002776745.1	SQ32	aroB_alt1	EXACT	101		
primary	GCF_002776745.1	SQ32	aroB_alt2	EXACT	82		
primary	GCF_002776745.1	SQ32	PSD2_primary	EXACT	214		
primary	GCF_002776745.1	SQ32	PSD2_alt1	EXACT	82		
primary	GCF_002776745.1	SQ32	group_306	EXACT	90		
primary	GCF_002776795.1	SQ29	mutL	EXACT	127		
primary	GCF_002776795.1	SQ29	aroB_primary	EXACT	144		
primary	GCF_002776795.1	SQ29	aroB_alt1	EXACT	101		
primary	GCF_002776795.1	SQ29	aroB_alt2	EXACT	82		
primary	GCF_002776795.1	SQ29	PSD2_primary	EXACT	214		
primary	GCF_002776795.1	SQ29	PSD2_alt1	EXACT	82		
primary	GCF_002776795.1	SQ29	group_306	EXACT	90		
primary	GCF_002776845.1	SQ20	mutL	EXACT	127		
primary	GCF_002776845.1	SQ20	aroB_primary	EXACT	144		
primary	GCF_002776845.1	SQ20	aroB_alt1	EXACT	101		
primary	GCF_002776845.1	SQ20	aroB_alt2	EXACT	82		
primary	GCF_002776845.1	SQ20	PSD2_primary	EXACT	214		
primary	GCF_002776845.1	SQ20	PSD2_alt1	EXACT	82		
primary	GCF_002776845.1	SQ20	group_306	EXACT	90		
primary	GCF_002776885.1	SQ24	mutL	EXACT	127		
primary	GCF_002776885.1	SQ24	aroB_primary	EXACT	144		
primary	GCF_002776885.1	SQ24	aroB_alt1	EXACT	101		
primary	GCF_002776885.1	SQ24	aroB_alt2	EXACT	82		
primary	GCF_002776885.1	SQ24	PSD2_primary	EXACT	214		
primary	GCF_002776885.1	SQ24	PSD2_alt1	EXACT	82		
primary	GCF_002776885.1	SQ24	group_306	EXACT	90		
primary	GCF_002776955.1	SQ09	mutL	EXACT	127		
primary	GCF_002776955.1	SQ09	aroB_primary	EXACT	144		
primary	GCF_002776955.1	SQ09	aroB_alt1	EXACT	101		
primary	GCF_002776955.1	SQ09	aroB_alt2	EXACT	82		
primary	GCF_002776955.1	SQ09	PSD2_primary	EXACT	214		
primary	GCF_002776955.1	SQ09	PSD2_alt1	EXACT	82		
primary	GCF_002776955.1	SQ09	group_306	EXACT	90		
primary	GCF_002776975.1	SQ10	mutL	EXACT	127		
primary	GCF_002776975.1	SQ10	aroB_primary	EXACT	144		
primary	GCF_002776975.1	SQ10	aroB_alt1	EXACT	101		
primary	GCF_002776975.1	SQ10	aroB_alt2	EXACT	82		
primary	GCF_002776975.1	SQ10	PSD2_primary	EXACT	214		
primary	GCF_002776975.1	SQ10	PSD2_alt1	EXACT	82		
primary	GCF_002776975.1	SQ10	group_306	EXACT	90		
primary	GCF_002776995.1	SQ12	mutL	EXACT	127		
primary	GCF_002776995.1	SQ12	aroB_primary	EXACT	144		
primary	GCF_002776995.1	SQ12	aroB_alt1	EXACT	101		
primary	GCF_002776995.1	SQ12	aroB_alt2	EXACT	82		
primary	GCF_002776995.1	SQ12	PSD2_primary	EXACT	214		
primary	GCF_002776995.1	SQ12	PSD2_alt1	EXACT	82		
primary	GCF_002776995.1	SQ12	group_306	EXACT	90		
primary	GCF_002777015.1	SQ14	mutL	EXACT	127		
primary	GCF_002777015.1	SQ14	aroB_primary	EXACT	144		
primary	GCF_002777015.1	SQ14	aroB_alt1	EXACT	101		
primary	GCF_002777015.1	SQ14	aroB_alt2	EXACT	82		
primary	GCF_002777015.1	SQ14	PSD2_primary	EXACT	214		
primary	GCF_002777015.1	SQ14	PSD2_alt1	EXACT	82		
primary	GCF_002777015.1	SQ14	group_306	EXACT	90		
primary	GCF_002777035.1	SQ01	mutL	EXACT	127		
primary	GCF_002777035.1	SQ01	aroB_primary	EXACT	144		
primary	GCF_002777035.1	SQ01	aroB_alt1	EXACT	101		
primary	GCF_002777035.1	SQ01	aroB_alt2	EXACT	82		
primary	GCF_002777035.1	SQ01	PSD2_primary	EXACT	214		
primary	GCF_002777035.1	SQ01	PSD2_alt1	EXACT	82		
primary	GCF_002777035.1	SQ01	group_306	EXACT	90		
primary	GCF_002777055.1	SQ02	mutL	EXACT	127		
primary	GCF_002777055.1	SQ02	aroB_primary	EXACT	144		
primary	GCF_002777055.1	SQ02	aroB_alt1	EXACT	101		
primary	GCF_002777055.1	SQ02	aroB_alt2	EXACT	82		
primary	GCF_002777055.1	SQ02	PSD2_primary	EXACT	214		
primary	GCF_002777055.1	SQ02	PSD2_alt1	EXACT	82		
primary	GCF_002777055.1	SQ02	group_306	EXACT	90		
primary	GCF_002777075.1	SQ05	mutL	EXACT	127		
primary	GCF_002777075.1	SQ05	aroB_primary	EXACT	144		
primary	GCF_002777075.1	SQ05	aroB_alt1	EXACT	101		
primary	GCF_002777075.1	SQ05	aroB_alt2	EXACT	82		
primary	GCF_002777075.1	SQ05	PSD2_primary	EXACT	214		
primary	GCF_002777075.1	SQ05	PSD2_alt1	EXACT	82		
primary	GCF_002777075.1	SQ05	group_306	EXACT	90		
primary	GCF_002777095.1	SQ25	mutL	EXACT	127		
primary	GCF_002777095.1	SQ25	aroB_primary	EXACT	144		
primary	GCF_002777095.1	SQ25	aroB_alt1	EXACT	101		
primary	GCF_002777095.1	SQ25	aroB_alt2	EXACT	82		
primary	GCF_002777095.1	SQ25	PSD2_primary	EXACT	214		
primary	GCF_002777095.1	SQ25	PSD2_alt1	EXACT	82		
primary	GCF_002777095.1	SQ25	group_306	EXACT	90		
primary	GCF_002777135.1	SQ15	mutL	EXACT	127		
primary	GCF_002777135.1	SQ15	aroB_primary	EXACT	144		
primary	GCF_002777135.1	SQ15	aroB_alt1	EXACT	101		
primary	GCF_002777135.1	SQ15	aroB_alt2	EXACT	82		
primary	GCF_002777135.1	SQ15	PSD2_primary	EXACT	214		
primary	GCF_002777135.1	SQ15	PSD2_alt1	EXACT	82		
primary	GCF_002777135.1	SQ15	group_306	EXACT	90		
primary	GCF_002777155.1	SQ19	mutL	EXACT	127		
primary	GCF_002777155.1	SQ19	aroB_primary	EXACT	144		
primary	GCF_002777155.1	SQ19	aroB_alt1	EXACT	101		
primary	GCF_002777155.1	SQ19	aroB_alt2	EXACT	82		
primary	GCF_002777155.1	SQ19	PSD2_primary	EXACT	214		
primary	GCF_002777155.1	SQ19	PSD2_alt1	EXACT	82		
primary	GCF_002777155.1	SQ19	group_306	EXACT	90		
primary	GCF_025723025.1	L2f	mutL	EXACT	127		
primary	GCF_025723025.1	L2f	aroB_primary	EXACT	144		
primary	GCF_025723025.1	L2f	aroB_alt1	EXACT	101		
primary	GCF_025723025.1	L2f	aroB_alt2	EXACT	82		
primary	GCF_025723025.1	L2f	PSD2_primary	EXACT	214		
primary	GCF_025723025.1	L2f	PSD2_alt1	EXACT	82		
primary	GCF_025723025.1	L2f	group_306	EXACT	90		
primary	GCF_047414635.1	L3/404/LN	mutL	EXACT	127		
primary	GCF_047414635.1	L3/404/LN	aroB_primary	EXACT	144		
primary	GCF_047414635.1	L3/404/LN	aroB_alt1	EXACT	101		
primary	GCF_047414635.1	L3/404/LN	aroB_alt2	EXACT	82		
primary	GCF_047414635.1	L3/404/LN	PSD2_primary	EXACT	214		
primary	GCF_047414635.1	L3/404/LN	PSD2_alt1	EXACT	82		
primary	GCF_047414635.1	L3/404/LN	group_306	EXACT	90		
primary	GCF_047416045.1	L2-D/SF/L2c	mutL	EXACT	127		
primary	GCF_047416045.1	L2-D/SF/L2c	aroB_primary	EXACT	144		
primary	GCF_047416045.1	L2-D/SF/L2c	aroB_alt1	EXACT	101		
primary	GCF_047416045.1	L2-D/SF/L2c	aroB_alt2	EXACT	82		
primary	GCF_047416045.1	L2-D/SF/L2c	PSD2_primary	EXACT	214		
primary	GCF_047416045.1	L2-D/SF/L2c	PSD2_alt1	EXACT	82		
primary	GCF_047416045.1	L2-D/SF/L2c	group_306	EXACT	90		
primary	GCF_047416055.1	L1/440/LN	mutL	EXACT	127		
primary	GCF_047416055.1	L1/440/LN	aroB_primary	EXACT	144		
primary	GCF_047416055.1	L1/440/LN	aroB_alt1	EXACT	101		
primary	GCF_047416055.1	L1/440/LN	aroB_alt2	EXACT	82		
primary	GCF_047416055.1	L1/440/LN	PSD2_primary	EXACT	214		
primary	GCF_047416055.1	L1/440/LN	PSD2_alt1	EXACT	82		
primary	GCF_047416055.1	L1/440/LN	group_306	EXACT	90		
primary	GCF_047416065.1	K/UW-31/Cx	mutL	EXACT	127		
primary	GCF_047416065.1	K/UW-31/Cx	aroB_primary	EXACT	144		
primary	GCF_047416065.1	K/UW-31/Cx	aroB_alt1	EXACT	101		
primary	GCF_047416065.1	K/UW-31/Cx	aroB_alt2	EXACT	82		
primary	GCF_047416065.1	K/UW-31/Cx	PSD2_primary	EXACT	214		
primary	GCF_047416065.1	K/UW-31/Cx	PSD2_alt1	EXACT	82		
primary	GCF_047416065.1	K/UW-31/Cx	group_306	EXACT	90		
primary	GCF_047417355.1	J/UW-36/Cx	mutL	EXACT	127		
primary	GCF_047417355.1	J/UW-36/Cx	aroB_primary	EXACT	144		
primary	GCF_047417355.1	J/UW-36/Cx	aroB_alt1	EXACT	101		
primary	GCF_047417355.1	J/UW-36/Cx	aroB_alt2	EXACT	82		
primary	GCF_047417355.1	J/UW-36/Cx	PSD2_primary	EXACT	214		
primary	GCF_047417355.1	J/UW-36/Cx	PSD2_alt1	EXACT	82		
primary	GCF_047417355.1	J/UW-36/Cx	group_306	EXACT	90		
primary	GCF_047417365.1	Ia/UW-202	mutL	EXACT	127		
primary	GCF_047417365.1	Ia/UW-202	aroB_primary	EXACT	144		
primary	GCF_047417365.1	Ia/UW-202	aroB_alt1	EXACT	101		
primary	GCF_047417365.1	Ia/UW-202	aroB_alt2	EXACT	82		
primary	GCF_047417365.1	Ia/UW-202	PSD2_primary	EXACT	214		
primary	GCF_047417365.1	Ia/UW-202	PSD2_alt1	EXACT	82		
primary	GCF_047417365.1	Ia/UW-202	group_306	EXACT	90		
primary	GCF_047417375.1	Ja/UW-92	mutL	EXACT	127		
primary	GCF_047417375.1	Ja/UW-92	aroB_primary	EXACT	144		
primary	GCF_047417375.1	Ja/UW-92	aroB_alt1	EXACT	101		
primary	GCF_047417375.1	Ja/UW-92	aroB_alt2	EXACT	82		
primary	GCF_047417375.1	Ja/UW-92	PSD2_primary	EXACT	214		
primary	GCF_047417375.1	Ja/UW-92	PSD2_alt1	EXACT	82		
primary	GCF_047417375.1	Ja/UW-92	group_306	EXACT	90		
primary	GCF_047418505.1	G/UW-57/Cx	mutL	EXACT	127		
primary	GCF_047418505.1	G/UW-57/Cx	aroB_primary	EXACT	144		
primary	GCF_047418505.1	G/UW-57/Cx	aroB_alt1	EXACT	101		
primary	GCF_047418505.1	G/UW-57/Cx	aroB_alt2	EXACT	82		
primary	GCF_047418505.1	G/UW-57/Cx	PSD2_primary	EXACT	214		
primary	GCF_047418505.1	G/UW-57/Cx	PSD2_alt1	EXACT	82		
primary	GCF_047418505.1	G/UW-57/Cx	group_306	EXACT	90		
primary	GCF_047418515.1	H/UW-4/Cx	mutL	EXACT	127		
primary	GCF_047418515.1	H/UW-4/Cx	aroB_primary	EXACT	144		
primary	GCF_047418515.1	H/UW-4/Cx	aroB_alt1	EXACT	101		
primary	GCF_047418515.1	H/UW-4/Cx	aroB_alt2	EXACT	82		
primary	GCF_047418515.1	H/UW-4/Cx	PSD2_primary	EXACT	214		
primary	GCF_047418515.1	H/UW-4/Cx	PSD2_alt1	EXACT	82		
primary	GCF_047418515.1	H/UW-4/Cx	group_306	EXACT	90		
primary	GCF_047418525.1	I/UW-12/UR	mutL	EXACT	127		
primary	GCF_047418525.1	I/UW-12/UR	aroB_primary	EXACT	144		
primary	GCF_047418525.1	I/UW-12/UR	aroB_alt1	EXACT	101		
primary	GCF_047418525.1	I/UW-12/UR	aroB_alt2	EXACT	82		
primary	GCF_047418525.1	I/UW-12/UR	PSD2_primary	EXACT	214		
primary	GCF_047418525.1	I/UW-12/UR	PSD2_alt1	EXACT	82		
primary	GCF_047418525.1	I/UW-12/UR	group_306	EXACT	90		
primary	GCF_047419415.1	F/IC-Cal-13	mutL	EXACT	127		
primary	GCF_047419415.1	F/IC-Cal-13	aroB_primary	EXACT	144		
primary	GCF_047419415.1	F/IC-Cal-13	aroB_alt1	EXACT	101		
primary	GCF_047419415.1	F/IC-Cal-13	aroB_alt2	EXACT	82		
primary	GCF_047419415.1	F/IC-Cal-13	PSD2_primary	EXACT	214		
primary	GCF_047419415.1	F/IC-Cal-13	PSD2_alt1	EXACT	82		
primary	GCF_047419415.1	F/IC-Cal-13	group_306	EXACT	90		
primary	GCF_047419425.1	E/bour	mutL	EXACT	127		
primary	GCF_047419425.1	E/bour	aroB_primary	EXACT	144		
primary	GCF_047419425.1	E/bour	aroB_alt1	EXACT	101		
primary	GCF_047419425.1	E/bour	aroB_alt2	EXACT	82		
primary	GCF_047419425.1	E/bour	PSD2_primary	EXACT	214		
primary	GCF_047419425.1	E/bour	PSD2_alt1	EXACT	82		
primary	GCF_047419425.1	E/bour	group_306	EXACT	90		
primary	GCF_047419435.1	Da/TW-448	mutL	EXACT	127		
primary	GCF_047419435.1	Da/TW-448	aroB_primary	EXACT	144		
primary	GCF_047419435.1	Da/TW-448	aroB_alt1	EXACT	101		
primary	GCF_047419435.1	Da/TW-448	aroB_alt2	EXACT	82		
primary	GCF_047419435.1	Da/TW-448	PSD2_primary	EXACT	214		
primary	GCF_047419435.1	Da/TW-448	PSD2_alt1	EXACT	82		
primary	GCF_047419435.1	Da/TW-448	group_306	EXACT	90		
primary	GCF_047420685.1	D/UW-3/Cx	mutL	EXACT	127		
primary	GCF_047420685.1	D/UW-3/Cx	aroB_primary	EXACT	144		
primary	GCF_047420685.1	D/UW-3/Cx	aroB_alt1	EXACT	101		
primary	GCF_047420685.1	D/UW-3/Cx	aroB_alt2	EXACT	82		
primary	GCF_047420685.1	D/UW-3/Cx	PSD2_primary	EXACT	214		
primary	GCF_047420685.1	D/UW-3/Cx	PSD2_alt1	EXACT	82		
primary	GCF_047420685.1	D/UW-3/Cx	group_306	EXACT	90		
primary	GCF_047420695.1	C/TW-3/OT	mutL	EXACT	127		
primary	GCF_047420695.1	C/TW-3/OT	aroB_primary	EXACT	144		
primary	GCF_047420695.1	C/TW-3/OT	aroB_alt1	EXACT	101		
primary	GCF_047420695.1	C/TW-3/OT	aroB_alt2	EXACT	82		
primary	GCF_047420695.1	C/TW-3/OT	PSD2_primary	EXACT	214		
primary	GCF_047420695.1	C/TW-3/OT	PSD2_alt1	EXACT	82		
primary	GCF_047420695.1	C/TW-3/OT	group_306	EXACT	90		
primary	GCF_047420705.1	Ba/Apache-2	mutL	EXACT	127		
primary	GCF_047420705.1	Ba/Apache-2	aroB_primary	EXACT	144		
primary	GCF_047420705.1	Ba/Apache-2	aroB_alt1	EXACT	101		
primary	GCF_047420705.1	Ba/Apache-2	aroB_alt2	EXACT	82		
primary	GCF_047420705.1	Ba/Apache-2	PSD2_primary	EXACT	214		
primary	GCF_047420705.1	Ba/Apache-2	PSD2_alt1	EXACT	82		
primary	GCF_047420705.1	Ba/Apache-2	group_306	EXACT	90		
primary	GCF_047421435.1	A/Sa-1	mutL	EXACT	127		
primary	GCF_047421435.1	A/Sa-1	aroB_primary	EXACT	144		
primary	GCF_047421435.1	A/Sa-1	aroB_alt1	EXACT	101		
primary	GCF_047421435.1	A/Sa-1	aroB_alt2	EXACT	82		
primary	GCF_047421435.1	A/Sa-1	PSD2_primary	EXACT	214		
primary	GCF_047421435.1	A/Sa-1	PSD2_alt1	EXACT	82		
primary	GCF_047421435.1	A/Sa-1	group_306	EXACT	90		
primary	GCF_059083935.1	D/Ep6/S19-121	mutL	EXACT	127		
primary	GCF_059083935.1	D/Ep6/S19-121	aroB_primary	EXACT	144		
primary	GCF_059083935.1	D/Ep6/S19-121	aroB_alt1	EXACT	101		
primary	GCF_059083935.1	D/Ep6/S19-121	aroB_alt2	EXACT	82		
primary	GCF_059083935.1	D/Ep6/S19-121	PSD2_primary	EXACT	214		
primary	GCF_059083935.1	D/Ep6/S19-121	PSD2_alt1	EXACT	82		
primary	GCF_059083935.1	D/Ep6/S19-121	group_306	EXACT	90		
