set_id	role	name	sequence	panel_note
mutL	F	mutL_F	GTTGATTGAAAAAGGCGAGC	primary (only locus in its window)
mutL	R	mutL_R	CATCTGCGGAGATTTTTGGA	primary (only locus in its window)
mutL	probe	mutL_probe	AGCAGGGAACGACTATTGCGGT	primary (only locus in its window)
aroB_primary	F	aroB_F	GCCTTTCATTGCTATTCCCA	redesign (primary)
aroB_primary	R	aroB_R	AGTTTTCTAGGGCAGATCCA	redesign (primary)
aroB_primary	probe	aroB_probe	TCGCATCGGCTCTTTTTATCTCCCT	redesign (primary)
aroB_alt1	F	aroB_alt1_F	GATCGAACTCGTTACCGAC	Alt 1 (backup locus)
aroB_alt1	R	aroB_alt1_R	AAATGAGAGGGAAGTCGGTA	Alt 1 (backup locus)
aroB_alt1	probe	aroB_alt1_probe	TCTCCTCACCCTATTCACCTAGTTGAT	Alt 1 (backup locus)
aroB_alt2	F	aroB_alt2_F	CAAAATACTCCCTTACCACCA	Alt 2 (backup locus)
aroB_alt2	R	aroB_alt2_R	TAGTTTGGCAAAATCGTCCA	Alt 2 (backup locus)
aroB_alt2	probe	aroB_alt2_probe	AGAAGAGATCGGACTAGCAGCTTCT	Alt 2 (backup locus)
PSD2_primary	F	PSD2_F	GCTTCCACTTTCCTATAGCG	redesign (primary)
PSD2_primary	R	PSD2_R	GGAGAAAACGTTTGGTGGAT	redesign (primary)
PSD2_primary	probe	PSD2_probe	TGGTGAGGTTGCCTACGTGGAA	redesign (primary)
PSD2_alt1	F	PSD2_alt1_F	AAACGAGAATAGGGAGAGCT	Alt 1 (backup locus)
PSD2_alt1	R	PSD2_alt1_R	AGTCTTTGACACCAGCCTA	Alt 1 (backup locus)
PSD2_alt1	probe	PSD2_alt1_probe	TGTAAGAATAGCCTGTTTTCCCGTATCG	Alt 1 (backup locus)
group_306	F	group_306_F	AAGAAGAAACCGTTGCACAA	primary (only locus in its window)
group_306	R	group_306_R	ACGAGTCTTGACTTTCTCCT	primary (only locus in its window)
group_306	probe	group_306_probe	CTCCACCCCTCCTTCCAAAGCA	primary (only locus in its window)
