accession	paired_genbank	assembly_name	organism_name	strain	isolate	serovar	biosample	bioproject	bioproject_all	bioproject_titles	submitter	release_date	sequencing_tech	assembly_method	assembly_level	assembly_status	source_database	total_length	gc_percent	n_contigs	n_chromosomes	collection_date	geo_loc_name	host	isolation_source	host_disease	ani_status	ani_match	checkm_completeness	checkm_contamination	biosample_text	tier	auto_verdict	weak_notes
GCF_000008725.1	GCA_000008725.1	ASM872v1	Chlamydia trachomatis D/UW-3/CX	D/UW-3/CX			SAMN02603114	PRJNA45	PRJNA45;PRJNA15722	Serovar D strain that causes pharyngitis, bronchitis and pneumonitis | Comparison of serovar A and D variants of Chlamydia trachomatis	ChGP	2001-01-09			Complete Genome	current	SOURCE_DATABASE_REFSEQ	1042519	41.5	1	1						OK	species_match	98.98	2.22	strain=D/UW-3/CX; title=Sample from Chlamydia trachomatis D/UW-3/CX	primary	INCLUDE	sparse_metadata (no collection date, location or host) || duplicate_strain_name
GCF_000012125.1	GCA_000012125.1	ASM1212v1	Chlamydia trachomatis A/HAR-13	A/HAR-13			SAMN02603498	PRJNA13885	PRJNA13885;PRJNA15722	Serovar A strain that causes pharyngitis, bronchitis and pneumonitis | Comparison of serovar A and D variants of Chlamydia trachomatis	Lab of Human Bacterial Pathogenesis	2005-09-23			Complete Genome	current	SOURCE_DATABASE_REFSEQ	1051969	41.5	2	2						OK	below_threshold_mismatch	96.17	2.22	strain=A/HAR-13; title=Sample from Chlamydia trachomatis A/HAR-13	primary	REVIEW	sparse_metadata (no collection date, location or host)
GCF_000026905.1	GCA_000026905.1	ASM2690v1	Chlamydia trachomatis B/TZ1A828/OT	B/TZ1A828/OT		B	SAMEA2272143	PRJEA32653	PRJEA32653	Clinical isolate	Wellcome Trust Sanger Institute	2009-05-11			Complete Genome	current	SOURCE_DATABASE_REFSEQ	1044282	41.5	1	1						OK	species_match	98.93	2.22	ENA-CHECKLIST=ERC000011; ENA-FIRST-PUBLIC=2013-12-19; ENA-LAST-UPDATE=2013-12-09; External Id=SAMEA2272143; INSDC center alias=EBI; INSDC center name=European Bioinformatics Institute; INSDC first public=2013-12-19T12:09:22Z; INSDC last update=2013-12-09T15:23:53Z; INSDC status=public; serovar=B; strain=B/TZ1A828/OT; Submitter Id=GCA_000026905; broker name=European Nucleotide Archive; individual_name=GCA_000026905; sample_name=GCA_000026905; title=BioSample entry for genome collection GCA_000026905; comments=The annotation was added by the NCBI Prokaryotic Genome Annotation Pipeline (PGAP). Information about PGAP can be found here: https://www.ncbi.nlm.nih.gov/genome/annotation_prok/	primary	INCLUDE	sparse_metadata (no collection date, location or host)
GCF_000026925.1	GCA_000026925.1	ASM2692v1	Chlamydia trachomatis B/Jali20/OT	Jali20		B	SAMEA2272641	PRJEA32655	PRJEA32655	Clinical isolate	Wellcome Trust Sanger Institute	2009-05-11			Complete Genome	current	SOURCE_DATABASE_REFSEQ	1044352	41.5	1	1						OK	species_match	98.93	2.22	ENA-CHECKLIST=ERC000011; ENA-FIRST-PUBLIC=2013-12-19; ENA-LAST-UPDATE=2013-12-09; External Id=SAMEA2272641; INSDC center alias=EBI; INSDC center name=European Bioinformatics Institute; INSDC first public=2013-12-19T12:09:22Z; INSDC last update=2013-12-09T15:24:08Z; INSDC status=public; serovar=B; strain=Jali20; Submitter Id=GCA_000026925; broker name=European Nucleotide Archive; individual_name=GCA_000026925; sample_name=GCA_000026925; title=BioSample entry for genome collection GCA_000026925; comments=The annotation was added by the NCBI Prokaryotic Genome Annotation Pipeline (PGAP). Information about PGAP can be found here: https://www.ncbi.nlm.nih.gov/genome/annotation_prok/	primary	INCLUDE	sparse_metadata (no collection date, location or host)
GCF_000068525.2	GCA_000068525.2	ASM6852v2	Chlamydia trachomatis L2b/UCH-1/proctitis	UCH-1			SAMEA1705954	PRJNA28585	PRJNA28585	Isolated from a case of proctitis	Welcome Trust Sanger Institute	2011-09-14			Complete Genome	current	SOURCE_DATABASE_REFSEQ	1038863	41.5	1	1	2006					OK	species_match	98.93	1.73	Check list type=prokaryote; ENA-FIRST-PUBLIC=2010-02-26T10:44:07Z; ENA-LAST-UPDATE=2018-03-09T09:51:49Z; External Id=SAMEA1705954; GCAT ID=003694_GCAT; Health status of host=alive; INSDC center name=EBI; INSDC first public=2010-02-26T10:44:07Z; INSDC last update=2018-03-09T09:51:49Z; INSDC status=public; Relevant e-resources=http://www.sanger.ac.uk/Projects/C_trachomatis_L2/; Submitter Id=003694_GCAT-20090507; collection_date=2006; biotic_relationship=pathogen; broker name=ENA; habitat=animal-associated habitat; host_taxid=9606; latitude=51.5; longitude=0; pathogenicity=human; rel_to_oxygen=obligate aerobic; sample_name=003694_GCAT-20090507; scientific_name=Chlamydia trachomatis L2b/UCH-1/proctitis; trophic_level=heterotroph; title=Sample from Chlamydia trachomatis L2b/UCH-1/proctitis; com	primary	INCLUDE	
GCF_000068585.1	GCA_000068585.1	ASM6858v1	Chlamydia trachomatis L2/434/Bu	L2/434/Bu			SAMEA1705923	PRJNA28583	PRJNA28583	L2 serovar that caused lymphogranuloma vernerum	Wellcome Trust Sanger Institute	2008-01-17			Complete Genome	current	SOURCE_DATABASE_REFSEQ	1038842	41.5	1	1						OK	species_match	98.93	1.73	Check list type=prokaryote; ENA-FIRST-PUBLIC=2010-02-26T10:44:06Z; ENA-LAST-UPDATE=2018-03-09T09:51:49Z; External Id=SAMEA1705923; GCAT ID=000938_GCAT; Health status of host=alive; INSDC center name=EBI; INSDC first public=2010-02-26T10:44:06Z; INSDC last update=2018-03-09T09:51:49Z; INSDC status=public; Relevant e-resources=http://www.sanger.ac.uk/Projects/C_trachomatis_L2/; Submitter Id=000938_GCAT-20090507; biotic_relationship=pathogen; broker name=ENA; habitat=animal-associated habitat; host_taxid=9606; latitude=36; longitude=-120; pathogenicity=human; rel_to_oxygen=obligate aerobic; sample_name=000938_GCAT-20090507; scientific_name=Chlamydia trachomatis 434/Bu; source_material_id=ATCC VR902B; trophic_level=heterotroph; title=Sample from Chlamydia trachomatis L2/434/Bu; comments=The an	primary	INCLUDE	sparse_metadata (no collection date, location or host)
GCF_000092485.1	GCA_000092485.1	ASM9248v1	Chlamydia trachomatis D-EC	D-EC			SAMN00744935	PRJNA48087	PRJNA48087	Chlamydia trachomatis D-EC genome sequencing	Integrated Genomics, Inc.	2010-06-09			Complete Genome	current	SOURCE_DATABASE_REFSEQ	1050015	41.5	2	2						OK	species_match	99.02	2.22	strain=D-EC; title=Chlamydia trachomatis D-EC; comments=Sequencing Center: Integrated Genomics, Inc., 2355 S. Arlington Heights Road, Suite 270, Arlington Heights, IL 60005, USA  Source DNA and bacteria available from Harlan D. Caldwell at hcaldwell@niaid.nih.gov<mailto:hcaldwell@niaid.nih.gov>. The annotation was added by the NCBI Prokaryotic Genome Annotation Pipeline (PGAP). Information about PGAP can be found here: https://www.ncbi.nlm.nih.gov/genome/annotation_prok/	primary	INCLUDE	sparse_metadata (no collection date, location or host)
GCF_000092665.1	GCA_000092665.1	ASM9266v1	Chlamydia trachomatis E/150	E/150			SAMN02603692	PRJNA43143	PRJNA43143	Chlamydia trachomatis E/150	Oregon State University	2010-05-21			Complete Genome	current	SOURCE_DATABASE_REFSEQ	1042996	41.5	1	1						OK	species_match	98.67	2.22	strain=E/150; title=Sample from Chlamydia trachomatis E/150; comments=Bacteria from the University of Washington Chlamydia Repository. The annotation was added by the NCBI Prokaryotic Genome Annotation Pipeline (PGAP). Information about PGAP can be found here: https://www.ncbi.nlm.nih.gov/genome/annotation_prok/	primary	INCLUDE	sparse_metadata (no collection date, location or host)
GCF_000092685.1	GCA_000092685.1	ASM9268v1	Chlamydia trachomatis G/9768	G/9768			SAMN02603693	PRJNA43145	PRJNA43145	Chlamydia trachomatis G/9768 genome sequencing	Oregon State University	2010-05-21			Complete Genome	current	SOURCE_DATABASE_REFSEQ	1042810	41.5	1	1						OK	species_match	98.93	2.22	strain=G/9768; title=Sample from Chlamydia trachomatis G/9768; comments=Bacteria from the University of Washington Chlamydia Repository. The annotation was added by the NCBI Prokaryotic Genome Annotation Pipeline (PGAP). Information about PGAP can be found here: https://www.ncbi.nlm.nih.gov/genome/annotation_prok/	primary	INCLUDE	sparse_metadata (no collection date, location or host)
GCF_000092705.1	GCA_000092705.1	ASM9270v1	Chlamydia trachomatis G/11222	G/11222			SAMN02603694	PRJNA43147	PRJNA43147	Chlamydia trachomatis G/11222 genome sequencing	Oregon State University	2010-05-21			Complete Genome	current	SOURCE_DATABASE_REFSEQ	1042354	41.5	1	1						OK	species_match	98.93	2.22	strain=G/11222; title=Sample from Chlamydia trachomatis G/11222; comments=Bacteria from the University of Washington Chlamydia Repository. The annotation was added by the NCBI Prokaryotic Genome Annotation Pipeline (PGAP). Information about PGAP can be found here: https://www.ncbi.nlm.nih.gov/genome/annotation_prok/	primary	INCLUDE	sparse_metadata (no collection date, location or host)
GCF_000092725.1	GCA_000092725.1	ASM9272v1	Chlamydia trachomatis G/11074	G/11074			SAMN02603695	PRJNA43149	PRJNA43149	Chlamydia trachomatis G/11074 genome sequencing	Oregon State University	2010-05-21			Complete Genome	current	SOURCE_DATABASE_REFSEQ	1042875	41.5	1	1						OK	species_match	98.93	2.22	strain=G/11074; title=Sample from Chlamydia trachomatis G/11074; comments=Bacteria from the University of Washington Chlamydia Repository. The annotation was added by the NCBI Prokaryotic Genome Annotation Pipeline (PGAP). Information about PGAP can be found here: https://www.ncbi.nlm.nih.gov/genome/annotation_prok/	primary	INCLUDE	sparse_metadata (no collection date, location or host)
GCF_000092745.1	GCA_000092745.1	ASM9274v1	Chlamydia trachomatis E/11023	E/11023			SAMN02603691	PRJNA43141	PRJNA43141	Chlamydia trachomatis E/11023 genome sequencing	Oregon State University	2010-05-21			Complete Genome	current	SOURCE_DATABASE_REFSEQ	1043025	41.5	1	1						OK	species_match	98.75	2.22	strain=E/11023; title=Sample from Chlamydia trachomatis E/11023; comments=Bacteria from the University of Washington Chlamydia Repository. The annotation was added by the NCBI Prokaryotic Genome Annotation Pipeline (PGAP). Information about PGAP can be found here: https://www.ncbi.nlm.nih.gov/genome/annotation_prok/	primary	INCLUDE	sparse_metadata (no collection date, location or host)
GCF_000092805.1	GCA_000092805.1	ASM9280v1	Chlamydia trachomatis G/9301	G/9301			SAMN02603696	PRJNA45851	PRJNA45851	Chlamydia trachomatis G/9301 genome sequencing project	Oregon State University	2010-05-28			Complete Genome	current	SOURCE_DATABASE_REFSEQ	1042811	41.5	1	1						OK	species_match	98.93	2.22	strain=G/9301; title=Sample from Chlamydia trachomatis G/9301; comments=The annotation was added by the NCBI Prokaryotic Genome Annotation Pipeline (PGAP). Information about PGAP can be found here: https://www.ncbi.nlm.nih.gov/genome/annotation_prok/	primary	INCLUDE	sparse_metadata (no collection date, location or host)
GCF_000093005.1	GCA_000093005.1	ASM9300v1	Chlamydia trachomatis D-LC	D-LC			SAMN00014120	PRJNA48089	PRJNA48089	Chlamydia trachomatis D-LC genome sequencing	Integrated Genomics, Inc.	2010-06-09			Complete Genome	current	SOURCE_DATABASE_REFSEQ	1050013	41.5	2	2						OK	species_match	99.02	2.22	strain=D-LC; title=Chlamydia trachomatis D-LC; comments=Sequencing Center: Integrated Genomics, Inc., 2355 S. Arlington Heights Road, Suite 270, Arlington Heights, IL 60005, USA  Source DNA and bacteria available from Harlan D. Caldwell at hcaldwell@niaid.nih.gov<mailto:hcaldwell@niaid.nih.gov>. The annotation was added by the NCBI Prokaryotic Genome Annotation Pipeline (PGAP). Information about PGAP can be found here: https://www.ncbi.nlm.nih.gov/genome/annotation_prok/	primary	INCLUDE	sparse_metadata (no collection date, location or host)
GCF_000173475.1	GCA_000173475.1	ASM17347v1	Chlamydia trachomatis 6276	6276	6276	J	SAMN02470780	PRJNA32183	PRJNA32183	Clinical isolate	Oregon State University	2009-01-30			Complete Genome	current	SOURCE_DATABASE_REFSEQ	1043181	41.5	1	1						OK	species_match	98.88	2.22	serovar=J; isolate=6276; title=Sample from Chlamydia trachomatis 6276; comments=The annotation was added by the NCBI Prokaryotic Genome Annotation Pipeline (PGAP). Information about PGAP can be found here: https://www.ncbi.nlm.nih.gov/genome/annotation_prok/	primary	INCLUDE	sparse_metadata (no collection date, location or host)
GCF_000173495.1	GCA_000173495.1	ASM17349v1	Chlamydia trachomatis 6276s	6276s	6276s	J	SAMN02470781	PRJNA32185	PRJNA32185	Clinical isolate	Oregon State University	2009-01-30			Complete Genome	current	SOURCE_DATABASE_REFSEQ	1043182	41.5	1	1						OK	species_match	98.88	2.22	serovar=J; isolate=6276s; title=Sample from Chlamydia trachomatis 6276s; comments=The annotation was added by the NCBI Prokaryotic Genome Annotation Pipeline (PGAP). Information about PGAP can be found here: https://www.ncbi.nlm.nih.gov/genome/annotation_prok/	primary	INCLUDE	sparse_metadata (no collection date, location or host)
GCF_000173515.1	GCA_000173515.1	ASM17351v1	Chlamydia trachomatis 70	70	70	F	SAMN02470778	PRJNA32187	PRJNA32187	Clinical isolate	Oregon State University	2009-01-30			Complete Genome	current	SOURCE_DATABASE_REFSEQ	1048006	41.5	1	1						OK	species_match	98.64	2.22	serovar=F; isolate=70; title=Sample from Chlamydia trachomatis 70; comments=The annotation was added by the NCBI Prokaryotic Genome Annotation Pipeline (PGAP). Information about PGAP can be found here: https://www.ncbi.nlm.nih.gov/genome/annotation_prok/	primary	INCLUDE	sparse_metadata (no collection date, location or host)
GCF_000173535.1	GCA_000173535.1	ASM17353v1	Chlamydia trachomatis 70s	70s	70s	F	SAMN02470779	PRJNA32189	PRJNA32189	Clinical isolate	Oregon State University	2009-01-30			Complete Genome	current	SOURCE_DATABASE_REFSEQ	1046064	41.5	1	1						OK	species_match	98.64	2.22	serovar=F; isolate=70s; title=Sample from Chlamydia trachomatis 70s; comments=The annotation was added by the NCBI Prokaryotic Genome Annotation Pipeline (PGAP). Information about PGAP can be found here: https://www.ncbi.nlm.nih.gov/genome/annotation_prok/	primary	INCLUDE	sparse_metadata (no collection date, location or host)
GCF_000174055.1	GCA_000174055.1	ASM17405v1	Chlamydia trachomatis D(s)2923	2923	2923	D(s)	SAMN02470775	PRJNA32539	PRJNA32539	Clinical isolate	Oregon State University	2009-01-30			Complete Genome	current	SOURCE_DATABASE_REFSEQ	1042757	41.5	1	1						OK	species_match	98.76	2.22	subsrc_note=clinical isolate; non-fusing phenotype; serovar=D(s); isolate=2923; title=Sample from Chlamydia trachomatis D(s)2923; comments=The annotation was added by the NCBI Prokaryotic Genome Annotation Pipeline (PGAP). Information about PGAP can be found here: https://www.ncbi.nlm.nih.gov/genome/annotation_prok/	primary	INCLUDE	sparse_metadata (no collection date, location or host)
GCF_000210495.1	GCA_000210495.1	ASM21049v1	Chlamydia trachomatis Sweden2	Sweden2		E	SAMEA2271937	PRJEA43167	PRJEA43167	Chlamydia trachomatis Sweden2 genome sequencing project	Wellcome Trust Sanger Institute	2010-02-23			Complete Genome	current	SOURCE_DATABASE_REFSEQ	1042839	41.5	1	1						OK	species_match	98.67	2.22	ENA-CHECKLIST=ERC000011; ENA-FIRST-PUBLIC=2013-12-19; ENA-LAST-UPDATE=2013-12-09; External Id=SAMEA2271937; INSDC center alias=EBI; INSDC center name=European Bioinformatics Institute; INSDC first public=2013-12-19T12:09:22Z; INSDC last update=2013-12-09T15:23:46Z; INSDC status=public; serovar=E; strain=Sweden2; Submitter Id=GCA_000210495; broker name=European Nucleotide Archive; individual_name=GCA_000210495; sample_name=GCA_000210495; title=BioSample entry for genome collection GCA_000210495; comments=The annotation was added by the NCBI Prokaryotic Genome Annotation Pipeline (PGAP). Information about PGAP can be found here: https://www.ncbi.nlm.nih.gov/genome/annotation_prok/	primary	INCLUDE	sparse_metadata (no collection date, location or host)
GCF_000220105.1	GCA_000220105.1	ASM22010v1	Chlamydia trachomatis L2c	L2c			SAMN00011086	PRJNA47581	PRJNA47581	Chlamydia trachomatis L2c genome sequencing project	Emory University	2011-07-06			Complete Genome	current	SOURCE_DATABASE_REFSEQ	1038313	41.5	1	1						OK	species_match	98.58	1.73	strain=L2c; title=Chalmydia trachomatis L2c; comments=The annotation was added by the NCBI Prokaryotic Genome Annotation Pipeline (PGAP). Information about PGAP can be found here: https://www.ncbi.nlm.nih.gov/genome/annotation_prok/	primary	INCLUDE	sparse_metadata (no collection date, location or host)
GCF_000226605.1	GCA_000226605.1	ASM22660v1	Chlamydia trachomatis A2497	A2497			SAMN02603770	PRJNA53575	PRJNA53575	Chlamydia trachomatis A2497 genome sequencing	Rocky Mountain Laboratory	2011-09-28			Complete Genome	current	SOURCE_DATABASE_REFSEQ	1051806	41.5	2	2						OK	species_match	98.93	2.22	strain=A2497; title=Sample from Chlamydia trachomatis A2497; comments=Contact for biological materials: Dr. Harlan D. Caldwell, Laboratory of Intracellular Pathogens, Rocky Mountain Laboratories, 903 South 4th Street, Hamilton, MT 59840 (hcaldwell@niaid.nih.gov) The annotation was added by the NCBI Prokaryotic Genome Annotation Pipeline (PGAP). Information about PGAP can be found here: https://www.ncbi.nlm.nih.gov/genome/annotation_prok/	primary	INCLUDE	sparse_metadata (no collection date, location or host) || duplicate_strain_name
GCF_000284475.1	GCA_000284475.1	ASM28447v1	Chlamydia trachomatis A2497	A2497		A	SAMEA2272430	PRJEA32651	PRJEA32651	Clinical isolate	Wellcome Trust Sanger Institute	2012-01-11			Complete Genome	current	SOURCE_DATABASE_REFSEQ	1044325	41.5	1	1						OK	species_match	98.93	2.22	ENA-CHECKLIST=ERC000011; ENA-FIRST-PUBLIC=2013-12-19; ENA-LAST-UPDATE=2013-12-09; External Id=SAMEA2272430; INSDC center alias=EBI; INSDC center name=European Bioinformatics Institute; INSDC first public=2013-12-19T12:09:22Z; INSDC last update=2013-12-09T15:24:02Z; INSDC status=public; serovar=A; strain=A2497; Submitter Id=GCA_000284475; broker name=European Nucleotide Archive; individual_name=GCA_000284475; sample_name=GCA_000284475; title=BioSample entry for genome collection GCA_000284475; comments=The annotation was added by the NCBI Prokaryotic Genome Annotation Pipeline (PGAP). Information about PGAP can be found here: https://www.ncbi.nlm.nih.gov/genome/annotation_prok/	primary	INCLUDE	sparse_metadata (no collection date, location or host) || duplicate_strain_name
GCF_000304495.1	GCA_000304495.1	Cm_ESW3	Chlamydia trachomatis E/SW3	E/SW3			SAMEA2272525	PRJEA71079	PRJEA71079	Chlamydia trachomatis E/SW3 Phenotype or Genotype	Sanger Institute	2012-03-13			Complete Genome	current	SOURCE_DATABASE_REFSEQ	1042903	41.5	1	1						OK	species_match	98.67	2.22	ENA-CHECKLIST=ERC000011; ENA-FIRST-PUBLIC=2013-12-19; ENA-LAST-UPDATE=2013-12-09; External Id=SAMEA2272525; INSDC center alias=EBI; INSDC center name=European Bioinformatics Institute; INSDC first public=2013-12-19T12:09:22Z; INSDC last update=2013-12-09T15:24:05Z; INSDC status=public; strain=E/SW3; Submitter Id=GCA_000304495; broker name=European Nucleotide Archive; individual_name=GCA_000304495; sample_name=GCA_000304495; title=BioSample entry for genome collection GCA_000304495; comments=Data release policy http://www.sanger.ac.uk/legal/#t_2 The annotation was added by the NCBI Prokaryotic Genome Annotation Pipeline (PGAP). Information about PGAP can be found here: https://www.ncbi.nlm.nih.gov/genome/annotation_prok/	primary	INCLUDE	sparse_metadata (no collection date, location or host)
GCF_000304515.1	GCA_000304515.1	Cm_FSW4	Chlamydia trachomatis F/SW4	F/SW4			SAMEA2272343	PRJEA71085	PRJEA71085	Chlamydia trachomatis F/SW4 Genome sequencing	Sanger Institute	2012-03-13			Complete Genome	current	SOURCE_DATABASE_REFSEQ	1042736	41.5	1	1						OK	species_match	98.86	2.22	ENA-CHECKLIST=ERC000011; ENA-FIRST-PUBLIC=2013-12-19; ENA-LAST-UPDATE=2013-12-09; External Id=SAMEA2272343; INSDC center alias=EBI; INSDC center name=European Bioinformatics Institute; INSDC first public=2013-12-19T12:09:22Z; INSDC last update=2013-12-09T15:23:59Z; INSDC status=public; strain=F/SW4; Submitter Id=GCA_000304515; broker name=European Nucleotide Archive; individual_name=GCA_000304515; sample_name=GCA_000304515; title=BioSample entry for genome collection GCA_000304515; comments=Data release policy http://www.sanger.ac.uk/legal/#t_2 The annotation was added by the NCBI Prokaryotic Genome Annotation Pipeline (PGAP). Information about PGAP can be found here: https://www.ncbi.nlm.nih.gov/genome/annotation_prok/	primary	INCLUDE	sparse_metadata (no collection date, location or host)
GCF_000304535.1	GCA_000304535.1	Cm_FSW5	Chlamydia trachomatis F/SW5	F/SW5			SAMEA2272682	PRJEA71087	PRJEA71087	Chlamydia trachomatis F/SW5 Phenotype or Genotype	Sanger Institute	2012-03-13			Complete Genome	current	SOURCE_DATABASE_REFSEQ	1042743	41.5	1	1						OK	species_match	98.86	2.22	ENA-CHECKLIST=ERC000011; ENA-FIRST-PUBLIC=2013-12-19; ENA-LAST-UPDATE=2013-12-09; External Id=SAMEA2272682; INSDC center alias=EBI; INSDC center name=European Bioinformatics Institute; INSDC first public=2013-12-19T12:09:22Z; INSDC last update=2013-12-09T15:24:11Z; INSDC status=public; strain=F/SW5; Submitter Id=GCA_000304535; broker name=European Nucleotide Archive; individual_name=GCA_000304535; sample_name=GCA_000304535; title=BioSample entry for genome collection GCA_000304535; comments=Data release policy http://www.sanger.ac.uk/legal/#t_2 The annotation was added by the NCBI Prokaryotic Genome Annotation Pipeline (PGAP). Information about PGAP can be found here: https://www.ncbi.nlm.nih.gov/genome/annotation_prok/	primary	INCLUDE	sparse_metadata (no collection date, location or host)
GCF_000318525.1	GCA_000318525.2	ASM31852v2	Chlamydia trachomatis A/363	A/363			SAMEA2272666	PRJEA71065	PRJEA71065	Chlamydia trachomatis A/363 Genome sequencing	Sanger Institute	2012-03-30			Complete Genome	current	SOURCE_DATABASE_REFSEQ	1051528	41.5	2	2						OK	species_match	98.93	2.22	ENA-CHECKLIST=ERC000011; ENA-FIRST-PUBLIC=2013-12-19; ENA-LAST-UPDATE=2013-12-09; External Id=SAMEA2272666; INSDC center alias=EBI; INSDC center name=European Bioinformatics Institute; INSDC first public=2013-12-19T12:09:21Z; INSDC last update=2013-12-09T15:24:10Z; INSDC status=public; strain=A/363; Submitter Id=GCA_000318525; broker name=European Nucleotide Archive; individual_name=GCA_000318525; sample_name=GCA_000318525; title=BioSample entry for genome collection GCA_000318525; comments=Data release policy http://www.sanger.ac.uk/legal/#t_2 The annotation was added by the NCBI Prokaryotic Genome Annotation Pipeline (PGAP). Information about PGAP can be found here: https://www.ncbi.nlm.nih.gov/genome/annotation_prok/	primary	INCLUDE	sparse_metadata (no collection date, location or host)
GCF_000318565.1	GCA_000318565.1	ASM31856v1	Chlamydia trachomatis A/7249	A/7249			SAMEA2272774	PRJEA71069	PRJEA71069	Chlamydia trachomatis A/7249 Phenotype or Genotype	Sanger Institute	2012-03-13			Complete Genome	current	SOURCE_DATABASE_REFSEQ	1051879	41.5	2	2						OK	species_match	98.93	2.22	ENA-CHECKLIST=ERC000011; ENA-FIRST-PUBLIC=2013-12-19; ENA-LAST-UPDATE=2013-12-09; External Id=SAMEA2272774; INSDC center alias=EBI; INSDC center name=European Bioinformatics Institute; INSDC first public=2013-12-19T12:09:22Z; INSDC last update=2013-12-09T15:24:13Z; INSDC status=public; strain=A/7249; Submitter Id=GCA_000318565; broker name=European Nucleotide Archive; individual_name=GCA_000318565; sample_name=GCA_000318565; title=BioSample entry for genome collection GCA_000318565; comments=Data release policy http://www.sanger.ac.uk/legal/#t_2 The annotation was added by the NCBI Prokaryotic Genome Annotation Pipeline (PGAP). Information about PGAP can be found here: https://www.ncbi.nlm.nih.gov/genome/annotation_prok/	primary	INCLUDE	sparse_metadata (no collection date, location or host)
GCF_000318645.1	GCA_000318645.1	ASM31864v1	Chlamydia trachomatis E/Bour	E/Bour			SAMEA2272184	PRJEA71077	PRJEA71077	Chlamydia trachomatis E/Bour Phenotype or Genotype	Sanger Institute	2012-03-13			Complete Genome	current	SOURCE_DATABASE_REFSEQ	1050091	41.5	2	2						OK	species_match	98.67	2.22	ENA-CHECKLIST=ERC000011; ENA-FIRST-PUBLIC=2013-12-19; ENA-LAST-UPDATE=2013-12-09; External Id=SAMEA2272184; INSDC center alias=EBI; INSDC center name=European Bioinformatics Institute; INSDC first public=2013-12-19T12:09:22Z; INSDC last update=2013-12-09T15:23:54Z; INSDC status=public; strain=E/Bour; Submitter Id=GCA_000318645; broker name=European Nucleotide Archive; individual_name=GCA_000318645; sample_name=GCA_000318645; title=BioSample entry for genome collection GCA_000318645; comments=Data release policy http://www.sanger.ac.uk/legal/#t_2 The annotation was added by the NCBI Prokaryotic Genome Annotation Pipeline (PGAP). Information about PGAP can be found here: https://www.ncbi.nlm.nih.gov/genome/annotation_prok/	primary	INCLUDE	sparse_metadata (no collection date, location or host) || duplicate_strain_name
GCF_000318765.1	GCA_000318765.1	ASM31876v1	Chlamydia trachomatis Ia/SotonIa1	Ia/SotonIa1			SAMEA2272296	PRJEA71093	PRJEA71093	Chlamydia trachomatis Ia/SotonIa1 genome sequencing	Sanger Institute	2012-03-13			Complete Genome	current	SOURCE_DATABASE_REFSEQ	1050130	41.5	2	2						OK	species_match	98.93	1.73	ENA-CHECKLIST=ERC000011; ENA-FIRST-PUBLIC=2013-12-19; ENA-LAST-UPDATE=2013-12-09; External Id=SAMEA2272296; INSDC center alias=EBI; INSDC center name=European Bioinformatics Institute; INSDC first public=2013-12-19T12:09:22Z; INSDC last update=2013-12-09T15:23:58Z; INSDC status=public; strain=Ia/SotonIa1; Submitter Id=GCA_000318765; broker name=European Nucleotide Archive; individual_name=GCA_000318765; sample_name=GCA_000318765; title=BioSample entry for genome collection GCA_000318765; comments=Data release policy http://www.sanger.ac.uk/legal/#t_2 The annotation was added by the NCBI Prokaryotic Genome Annotation Pipeline (PGAP). Information about PGAP can be found here: https://www.ncbi.nlm.nih.gov/genome/annotation_prok/	primary	INCLUDE	sparse_metadata (no collection date, location or host)
GCF_000318785.1	GCA_000318785.1	ASM31878v1	Chlamydia trachomatis Ia/SotonIa3	Ia/SotonIa3			SAMEA2272048	PRJEA71095	PRJEA71095	Chlamydia trachomatis Ia/SotonIa3 genome sequencing	Sanger Institute	2012-03-13			Complete Genome	current	SOURCE_DATABASE_REFSEQ	1050283	41.5	2	2						OK	species_match	98.93	1.73	ENA-CHECKLIST=ERC000011; ENA-FIRST-PUBLIC=2013-12-19; ENA-LAST-UPDATE=2013-12-09; External Id=SAMEA2272048; INSDC center alias=EBI; INSDC center name=European Bioinformatics Institute; INSDC first public=2013-12-19T12:09:22Z; INSDC last update=2013-12-09T15:23:50Z; INSDC status=public; strain=Ia/SotonIa3; Submitter Id=GCA_000318785; broker name=European Nucleotide Archive; individual_name=GCA_000318785; sample_name=GCA_000318785; title=BioSample entry for genome collection GCA_000318785; comments=Data release policy http://www.sanger.ac.uk/legal/#t_2 The annotation was added by the NCBI Prokaryotic Genome Annotation Pipeline (PGAP). Information about PGAP can be found here: https://www.ncbi.nlm.nih.gov/genome/annotation_prok/	primary	INCLUDE	sparse_metadata (no collection date, location or host)
GCF_000318825.1	GCA_000318825.1	ASM31882v1	Chlamydia trachomatis L1/440/LN	L1/440/LN			SAMEA2272273	PRJEA71099	PRJEA71099	Chlamydia trachomatis L1/440/LN genome sequencing	Sanger Institute	2012-03-13			Complete Genome	current	SOURCE_DATABASE_REFSEQ	1039261	41.5	1	1						OK	species_match	98.44	1.73	ENA-CHECKLIST=ERC000011; ENA-FIRST-PUBLIC=2013-12-19; ENA-LAST-UPDATE=2013-12-09; External Id=SAMEA2272273; INSDC center alias=EBI; INSDC center name=European Bioinformatics Institute; INSDC first public=2013-12-19T12:09:21Z; INSDC last update=2013-12-09T15:23:57Z; INSDC status=public; strain=L1/440/LN; Submitter Id=GCA_000318825; broker name=European Nucleotide Archive; individual_name=GCA_000318825; sample_name=GCA_000318825; title=BioSample entry for genome collection GCA_000318825; comments=Data release policy http://www.sanger.ac.uk/legal/#t_2 The annotation was added by the NCBI Prokaryotic Genome Annotation Pipeline (PGAP). Information about PGAP can be found here: https://www.ncbi.nlm.nih.gov/genome/annotation_prok/	primary	INCLUDE	sparse_metadata (no collection date, location or host) || duplicate_strain_name
GCF_000318845.1	GCA_000318845.1	ASM31884v1	Chlamydia trachomatis L1/115	L1/115			SAMEA2271978	PRJEA71101	PRJEA71101	Chlamydia trachomatis L1/115 genome sequencing	Sanger Institute	2012-03-13			Complete Genome	current	SOURCE_DATABASE_REFSEQ	1046584	41.5	2	2						OK	species_match	98.93	1.73	ENA-CHECKLIST=ERC000011; ENA-FIRST-PUBLIC=2013-12-19; ENA-LAST-UPDATE=2013-12-09; External Id=SAMEA2271978; INSDC center alias=EBI; INSDC center name=European Bioinformatics Institute; INSDC first public=2013-12-19T12:09:22Z; INSDC last update=2013-12-09T15:23:48Z; INSDC status=public; strain=L1/115; Submitter Id=GCA_000318845; broker name=European Nucleotide Archive; individual_name=GCA_000318845; sample_name=GCA_000318845; title=BioSample entry for genome collection GCA_000318845; comments=Data release policy http://www.sanger.ac.uk/legal/#t_2 The annotation was added by the NCBI Prokaryotic Genome Annotation Pipeline (PGAP). Information about PGAP can be found here: https://www.ncbi.nlm.nih.gov/genome/annotation_prok/	primary	INCLUDE	sparse_metadata (no collection date, location or host)
GCF_000318865.1	GCA_000318865.1	ASM31886v1	Chlamydia trachomatis L1/224	L1/224			SAMEA2272374	PRJEA71103	PRJEA71103	Chlamydia trachomatis L1/224 genome sequencing	Sanger Institute	2012-03-13			Complete Genome	current	SOURCE_DATABASE_REFSEQ	1046319	41.5	2	2						OK	species_match	98.93	1.73	ENA-CHECKLIST=ERC000011; ENA-FIRST-PUBLIC=2013-12-19; ENA-LAST-UPDATE=2013-12-09; External Id=SAMEA2272374; INSDC center alias=EBI; INSDC center name=European Bioinformatics Institute; INSDC first public=2013-12-19T12:09:22Z; INSDC last update=2013-12-09T15:24:00Z; INSDC status=public; strain=L1/224; Submitter Id=GCA_000318865; broker name=European Nucleotide Archive; individual_name=GCA_000318865; sample_name=GCA_000318865; title=BioSample entry for genome collection GCA_000318865; comments=Data release policy http://www.sanger.ac.uk/legal/#t_2 The annotation was added by the NCBI Prokaryotic Genome Annotation Pipeline (PGAP). Information about PGAP can be found here: https://www.ncbi.nlm.nih.gov/genome/annotation_prok/	primary	INCLUDE	sparse_metadata (no collection date, location or host)
GCF_000318885.1	GCA_000318885.1	ASM31888v1	Chlamydia trachomatis L2/25667R	L2/25667R		L2	SAMEA767949	PRJEA71105	PRJEA71105	Chlamydia trachomatis L2/25667R genome sequencing	Sanger Institute	2012-03-13			Complete Genome	current	SOURCE_DATABASE_REFSEQ	1038839	41.5	1	1		USA	Homo sapiens	Rectum		OK	species_match	98.93	1.73	ENA-FIRST-PUBLIC=2010-03-05T11:05:58Z; ENA-LAST-UPDATE=2018-03-09T09:52:16Z; External Id=SAMEA767949; INSDC center name=SC; INSDC first public=2010-03-05T11:05:58Z; INSDC last update=2018-03-09T09:52:16Z; INSDC status=public; Submitter Id=L2P_-sc-2010-05-07-7667; geo_loc_name=USA; isolation_source=Rectum; pubmed id=22406642; sample_name=L2P_-sc-2010-05-07-7667; scientific_name=Chlamydia trachomatis; serovar=L2; host=Homo sapiens; strain=L2/25667R; title=Sample from Chlamydia trachomatis; comments=Data release policy http://www.sanger.ac.uk/legal/#t_2 The annotation was added by the NCBI Prokaryotic Genome Annotation Pipeline (PGAP). Information about PGAP can be found here: https://www.ncbi.nlm.nih.gov/genome/annotation_prok/	primary	INCLUDE	
GCF_000318905.1	GCA_000318905.1	ASM31890v1	Chlamydia trachomatis L2b/8200/07	L2b/8200/07			SAMEA2272637	PRJEA71107	PRJEA71107	Chlamydia trachomatis L2b/8200/07 genome sequencing	Sanger Institute	2012-03-13			Complete Genome	current	SOURCE_DATABASE_REFSEQ	1046364	41.5	2	2						OK	species_match	98.93	1.73	ENA-CHECKLIST=ERC000011; ENA-FIRST-PUBLIC=2013-12-19; ENA-LAST-UPDATE=2013-12-09; External Id=SAMEA2272637; INSDC center alias=EBI; INSDC center name=European Bioinformatics Institute; INSDC first public=2013-12-19T12:09:22Z; INSDC last update=2013-12-09T15:24:08Z; INSDC status=public; strain=L2b/8200/07; Submitter Id=GCA_000318905; broker name=European Nucleotide Archive; individual_name=GCA_000318905; sample_name=GCA_000318905; title=BioSample entry for genome collection GCA_000318905; comments=Data release policy http://www.sanger.ac.uk/legal/#t_2 The annotation was added by the NCBI Prokaryotic Genome Annotation Pipeline (PGAP). Information about PGAP can be found here: https://www.ncbi.nlm.nih.gov/genome/annotation_prok/	primary	INCLUDE	sparse_metadata (no collection date, location or host)
GCF_000318925.1	GCA_000318925.1	ASM31892v1	Chlamydia trachomatis L2b/UCH-2	L2b/UCH-2			SAMEA2272096	PRJEA71109	PRJEA71109	Chlamydia trachomatis L2b/UCH-2 genome sequencing	Sanger Institute	2012-03-13			Complete Genome	current	SOURCE_DATABASE_REFSEQ	1046337	41.5	2	2						OK	species_match	98.93	1.73	ENA-CHECKLIST=ERC000011; ENA-FIRST-PUBLIC=2013-12-19; ENA-LAST-UPDATE=2013-12-09; External Id=SAMEA2272096; INSDC center alias=EBI; INSDC center name=European Bioinformatics Institute; INSDC first public=2013-12-19T12:09:22Z; INSDC last update=2013-12-09T15:23:51Z; INSDC status=public; strain=L2b/UCH-2; Submitter Id=GCA_000318925; broker name=European Nucleotide Archive; individual_name=GCA_000318925; sample_name=GCA_000318925; title=BioSample entry for genome collection GCA_000318925; comments=Data release policy http://www.sanger.ac.uk/legal/#t_2 The annotation was added by the NCBI Prokaryotic Genome Annotation Pipeline (PGAP). Information about PGAP can be found here: https://www.ncbi.nlm.nih.gov/genome/annotation_prok/	primary	INCLUDE	sparse_metadata (no collection date, location or host)
GCF_000318985.1	GCA_000318985.1	ASM31898v1	Chlamydia trachomatis L2b/795	L2b/795			SAMEA2272281	PRJEA71115	PRJEA71115	Chlamydia trachomatis L2b/795 genome sequencing	Sanger Institute	2012-03-13			Complete Genome	current	SOURCE_DATABASE_REFSEQ	1046220	41.5	2	2						OK	species_match	98.93	1.73	ENA-CHECKLIST=ERC000011; ENA-FIRST-PUBLIC=2013-12-19; ENA-LAST-UPDATE=2013-12-09; External Id=SAMEA2272281; INSDC center alias=EBI; INSDC center name=European Bioinformatics Institute; INSDC first public=2013-12-19T12:09:21Z; INSDC last update=2013-12-09T15:23:57Z; INSDC status=public; strain=L2b/795; Submitter Id=GCA_000318985; broker name=European Nucleotide Archive; individual_name=GCA_000318985; sample_name=GCA_000318985; title=BioSample entry for genome collection GCA_000318985; comments=Data release policy http://www.sanger.ac.uk/legal/#t_2 The annotation was added by the NCBI Prokaryotic Genome Annotation Pipeline (PGAP). Information about PGAP can be found here: https://www.ncbi.nlm.nih.gov/genome/annotation_prok/	primary	INCLUDE	sparse_metadata (no collection date, location or host)
GCF_000319105.1	GCA_000319105.1	ASM31910v1	Chlamydia trachomatis L3/404/LN	L3/404/LN			SAMEA2272107	PRJEA71127	PRJEA71127	Chlamydia trachomatis L3/404/LN genome sequencing	Sanger Institute	2012-03-13			Complete Genome	current	SOURCE_DATABASE_REFSEQ	1046672	41.5	2	2						OK	species_match	98.93	1.73	ENA-CHECKLIST=ERC000011; ENA-FIRST-PUBLIC=2013-12-19; ENA-LAST-UPDATE=2013-12-09; External Id=SAMEA2272107; INSDC center alias=EBI; INSDC center name=European Bioinformatics Institute; INSDC first public=2013-12-19T12:09:22Z; INSDC last update=2013-12-09T15:23:52Z; INSDC status=public; strain=L3/404/LN; Submitter Id=GCA_000319105; broker name=European Nucleotide Archive; individual_name=GCA_000319105; sample_name=GCA_000319105; title=BioSample entry for genome collection GCA_000319105; comments=Data release policy http://www.sanger.ac.uk/legal/#t_2 The annotation was added by the NCBI Prokaryotic Genome Annotation Pipeline (PGAP). Information about PGAP can be found here: https://www.ncbi.nlm.nih.gov/genome/annotation_prok/	primary	INCLUDE	sparse_metadata (no collection date, location or host) || duplicate_strain_name
GCF_000364765.1	GCA_000364765.1	ASM36476v1	Chlamydia trachomatis L2/434/Bu(i)	L2/434/Bu(i)			SAMN02603648	PRJNA182150	PRJNA182150	Chlamydia trachomatis L2/434/Bu(i) Genome sequencing	National Institute of Health, Portugal	2013-04-15			Complete Genome	current	SOURCE_DATABASE_REFSEQ	1046341	41.5	2	2						OK	species_match	98.93	1.73	strain=L2/434/Bu(i); title=Sample from Chlamydia trachomatis L2/434/Bu(i); comments=Bacteria available from National Institute of Health, Department of Infectious Diseases, Av. Padre Cruz, 1649-016 - Lisbon, Portugal. E-mail: j.paulo.gomes@insa.min-saude.pt The annotation was added by the NCBI Prokaryotic Genome Annotation Pipeline (PGAP). Information about PGAP can be found here: https://www.ncbi.nlm.nih.gov/genome/annotation_prok/	primary	INCLUDE	sparse_metadata (no collection date, location or host) || name_qualifier_in_parentheses
GCF_000364785.1	GCA_000364785.1	ASM36478v1	Chlamydia trachomatis L2/434/Bu(f)	L2/434/Bu(f)			SAMN02603649	PRJNA182165	PRJNA182165	Chlamydia trachomatis L2/434/Bu(f) Genome sequencing	National Institute of Health, Portugal	2013-04-15			Complete Genome	current	SOURCE_DATABASE_REFSEQ	1046341	41.5	2	2						OK	species_match	98.93	1.73	strain=L2/434/Bu(f); title=Sample from Chlamydia trachomatis L2/434/Bu(f); comments=Bacteria available from National Institute of Health, Department of Infectious Diseases, Av. Padre Cruz, 1649-016 - Lisbon, Portugal. E-mail: j.paulo.gomes@insa.min-saude.pt The annotation was added by the NCBI Prokaryotic Genome Annotation Pipeline (PGAP). Information about PGAP can be found here: https://www.ncbi.nlm.nih.gov/genome/annotation_prok/	primary	INCLUDE	sparse_metadata (no collection date, location or host) || name_qualifier_in_parentheses
GCF_000441585.1	GCA_000441585.1	ASM44158v1	Chlamydia trachomatis RC-F/69	RC-F/69			SAMN02603697	PRJNA53845	PRJNA53845	Chlamydia trachomatis RC-F69 genome sequencing	Oregon State University	2013-07-26			Complete Genome	current	SOURCE_DATABASE_REFSEQ	1046087	41.5	1	1						OK	species_match	98.72	1.73	strain=RC-F/69; title=Sample from Chlamydia trachomatis RC-F/69; comments=The annotation was added by the NCBI Prokaryotic Genome Annotation Pipeline (PGAP). Information about PGAP can be found here: https://www.ncbi.nlm.nih.gov/genome/annotation_prok/	primary	INCLUDE	sparse_metadata (no collection date, location or host)
GCF_000441615.1	GCA_000441615.1	ASM44161v1	Chlamydia trachomatis RC-L2(s)/46	RC-L2(s)/46			SAMN02603698	PRJNA53847	PRJNA53847	Chlamydia trachomatis RC-L2s46 genome sequencing	Oregon State University	2013-07-26			Complete Genome	current	SOURCE_DATABASE_REFSEQ	1038817	41.5	1	1						OK	species_match	98.93	1.73	strain=RC-L2(s)/46; title=Sample from Chlamydia trachomatis RC-L2(s)/46; comments=The annotation was added by the NCBI Prokaryotic Genome Annotation Pipeline (PGAP). Information about PGAP can be found here: https://www.ncbi.nlm.nih.gov/genome/annotation_prok/	primary	INCLUDE	sparse_metadata (no collection date, location or host) || name_qualifier_in_parentheses
GCF_000441635.1	GCA_000441635.1	ASM44163v1	Chlamydia trachomatis RC-F(s)/852	RC-F(s)/852			SAMN02603699	PRJNA53849	PRJNA53849	Chlamydia trachomatis RC-Fs852 genome sequencing	Oregon State University	2013-07-26			Complete Genome	current	SOURCE_DATABASE_REFSEQ	1083893	41.5	1	1						OK	species_match	98.72	7.15	strain=RC-F(s)/852; title=Sample from Chlamydia trachomatis RC-F(s)/852; comments=The annotation was added by the NCBI Prokaryotic Genome Annotation Pipeline (PGAP). Information about PGAP can be found here: https://www.ncbi.nlm.nih.gov/genome/annotation_prok/	quality_review	REVIEW	sparse_metadata (no collection date, location or host) || name_qualifier_in_parentheses
GCF_000441655.1	GCA_000441655.1	ASM44165v1	Chlamydia trachomatis RC-J/943	RC-J/943			SAMN02603700	PRJNA53851	PRJNA53851	Chlamydia trachomatis RC-J943 genome sequencing	Oregon State University	2013-07-26			Complete Genome	current	SOURCE_DATABASE_REFSEQ	1038797	41.5	1	1						OK	species_match	98.93	1.73	strain=RC-J/943; title=Sample from Chlamydia trachomatis RC-J/943; comments=The annotation was added by the NCBI Prokaryotic Genome Annotation Pipeline (PGAP). Information about PGAP can be found here: https://www.ncbi.nlm.nih.gov/genome/annotation_prok/	primary	INCLUDE	sparse_metadata (no collection date, location or host)
GCF_000441675.1	GCA_000441675.1	ASM44167v1	Chlamydia trachomatis RC-J/953	RC-J/953			SAMN02603701	PRJNA53853	PRJNA53853	Chlamydia trachomatis RC-J/953 strain:RC-J953 Phenotype or Genotype	Oregon State University	2013-07-26			Complete Genome	current	SOURCE_DATABASE_REFSEQ	1038792	41.5	1	1						OK	species_match	98.88	1.73	strain=RC-J/953; title=Sample from Chlamydia trachomatis RC-J/953; comments=The annotation was added by the NCBI Prokaryotic Genome Annotation Pipeline (PGAP). Information about PGAP can be found here: https://www.ncbi.nlm.nih.gov/genome/annotation_prok/	primary	INCLUDE	sparse_metadata (no collection date, location or host)
GCF_000441695.1	GCA_000441695.1	ASM44169v1	Chlamydia trachomatis RC-L2(s)/3	RC-L2(s)/3			SAMN02603702	PRJNA53855	PRJNA53855	Chlamydia trachomatis RC-L2(s)/3 strain:RC-JL2s3 Phenotype or Genotype	Oregon State University	2013-07-26			Complete Genome	current	SOURCE_DATABASE_REFSEQ	1046171	41.5	1	1						OK	species_match	98.93	1.73	strain=RC-L2(s)/3; title=Sample from Chlamydia trachomatis RC-L2(s)/3; comments=The annotation was added by the NCBI Prokaryotic Genome Annotation Pipeline (PGAP). Information about PGAP can be found here: https://www.ncbi.nlm.nih.gov/genome/annotation_prok/	primary	INCLUDE	sparse_metadata (no collection date, location or host) || name_qualifier_in_parentheses
GCF_000441715.1	GCA_000441715.1	ASM44171v1	Chlamydia trachomatis RC-F(s)/342	RC-F(s)/342			SAMN02603703	PRJNA53857	PRJNA53857	Chlamydia trachomatis RC-F(s)/342 strain:RC-Fs342 Phenotype or Genotype	Oregon State University	2013-07-26			Complete Genome	current	SOURCE_DATABASE_REFSEQ	1083842	41.5	1	1						OK	species_match	98.64	7.15	strain=RC-F(s)/342; title=Sample from Chlamydia trachomatis RC-F(s)/342; comments=The annotation was added by the NCBI Prokaryotic Genome Annotation Pipeline (PGAP). Information about PGAP can be found here: https://www.ncbi.nlm.nih.gov/genome/annotation_prok/	quality_review	REVIEW	sparse_metadata (no collection date, location or host) || name_qualifier_in_parentheses
GCF_000441735.1	GCA_000441735.1	ASM44173v1	Chlamydia trachomatis RC-J(s)/122	RC-J(s)/122			SAMN02603704	PRJNA53859	PRJNA53859	Chlamydia trachomatis RC-Js122 genome sequencing	Oregon State University	2013-07-26			Complete Genome	current	SOURCE_DATABASE_REFSEQ	1061854	41.5	1	1						OK	species_match	98.93	1.79	strain=RC-J(s)/122; title=Sample from Chlamydia trachomatis RC-J(s)/122; comments=The annotation was added by the NCBI Prokaryotic Genome Annotation Pipeline (PGAP). Information about PGAP can be found here: https://www.ncbi.nlm.nih.gov/genome/annotation_prok/	primary	INCLUDE	sparse_metadata (no collection date, location or host) || name_qualifier_in_parentheses
GCF_000441755.1	GCA_000441755.1	ASM44175v1	Chlamydia trachomatis RC-J/966	RC-J/966			SAMN02603705	PRJNA53861	PRJNA53861	Chlamydia trachomatis RC-J966 genome sequencing	Oregon State University	2013-07-26			Complete Genome	current	SOURCE_DATABASE_REFSEQ	1038839	41.5	1	1						OK	species_match	98.88	1.73	strain=RC-J/966; title=Sample from Chlamydia trachomatis RC-J/966; comments=The annotation was added by the NCBI Prokaryotic Genome Annotation Pipeline (PGAP). Information about PGAP can be found here: https://www.ncbi.nlm.nih.gov/genome/annotation_prok/	primary	INCLUDE	sparse_metadata (no collection date, location or host)
GCF_000441795.1	GCA_000441795.1	ASM44179v1	Chlamydia trachomatis RC-J/971	RC-J/971			SAMN02603707	PRJNA66011	PRJNA66011	Chlamydia trachomatis RC-J/971 genome sequencing project.	Oregon State University	2013-07-26			Complete Genome	current	SOURCE_DATABASE_REFSEQ	1038442	41.5	1	1						OK	species_match	98.88	2.22	strain=RC-J/971; title=Sample from Chlamydia trachomatis RC-J/971; comments=The annotation was added by the NCBI Prokaryotic Genome Annotation Pipeline (PGAP). Information about PGAP can be found here: https://www.ncbi.nlm.nih.gov/genome/annotation_prok/	primary	INCLUDE	sparse_metadata (no collection date, location or host)
GCF_000441815.1	GCA_000441815.1	ASM44181v1	Chlamydia trachomatis RC-L2/55	RC-L2/55			SAMN02603708	PRJNA66013	PRJNA66013	Chlamydia trachomatis RC-L2/55 genome sequencing project.	Oregon State University	2013-07-26			Complete Genome	current	SOURCE_DATABASE_REFSEQ	1038870	41.5	1	1						OK	species_match	98.93	1.73	strain=RC-L2/55; title=Sample from Chlamydia trachomatis RC-L2/55; comments=The annotation was added by the NCBI Prokaryotic Genome Annotation Pipeline (PGAP). Information about PGAP can be found here: https://www.ncbi.nlm.nih.gov/genome/annotation_prok/	primary	INCLUDE	sparse_metadata (no collection date, location or host)
GCF_000507225.1	GCA_000507225.1	ASM50722v1	Chlamydia trachomatis C/TW-3	C/TW-3			SAMN02641532	PRJNA230246	PRJNA230246	Complete genome sequence of Chlamydia trachomatis serovar C strain C/TW-3	National Institute of Health, Portugal	2013-12-13	Illumina	BOWTIE v. Version 2.1.0	Complete Genome	current	SOURCE_DATABASE_REFSEQ	1051055	41.5	2	2	missing	missing	missing	missing	missing	OK	species_match	98.84	2.22	strain=C/TW-3; geo_loc_name=missing; collected_by=missing; isolation_source=missing; host=missing; host_disease=missing; collection_date=missing; culture_collection=ATCC:VR-1477; lat_lon=missing; title=Pathogen: clinical or host-associated sample from Chlamydia trachomatis C/TW-3; comments=The annotation was added by the NCBI Prokaryotic Genome Annotation Pipeline (PGAP). Information about PGAP can be found here: https://www.ncbi.nlm.nih.gov/genome/annotation_prok/	primary	INCLUDE	
GCF_000590575.1	GCA_000590575.1	ASM59057v1	Chlamydia trachomatis	F/1-93	missing	F	SAMN02189829	PRJNA213111	PRJNA213111	Chlamydia trachomatis Phenotype or Genotype	Oregon State University	2013-08-21	Illumina HiSeq	Maq v. 0.7.1	Complete Genome	current	SOURCE_DATABASE_REFSEQ	1042588	41.5	1	1	1993-04-10	USA: Washington	Homo sapiens	endo-cervical swab		OK	species_match	98.7	2.22	label=F/1-93; lat_lon=47.6097 N 122.3331 W; collected_by=University of Washington; collection_date=1993-04-10; isolate=missing; geo_loc_name=USA: Washington; isolation_source=endo-cervical swab; serovar=F; host=Homo sapiens; title=Pathogen sample from Chlamydia trachomatis; comments=The annotation was added by the NCBI Prokaryotic Genome Annotation Pipeline (PGAP). Information about PGAP can be found here: https://www.ncbi.nlm.nih.gov/genome/annotation_prok/	primary	INCLUDE	
GCF_000590615.1	GCA_000590615.1	ASM59061v1	Chlamydia trachomatis	F/6-94	missing	F	SAMN02189831	PRJNA213111	PRJNA213111	Chlamydia trachomatis Phenotype or Genotype	Oregon State University	2013-08-21	Illumina HiSeq	Maq v. 0.7.1	Complete Genome	current	SOURCE_DATABASE_REFSEQ	1042767	41.5	1	1	1994-09-29	USA: Washington	Homo sapiens	endo-cervical swab		OK	species_match	98.82	2.22	label=F/6-94; lat_lon=47.6097 N 122.3331 W; collected_by=University of Washington; collection_date=1994-09-29; isolate=missing; geo_loc_name=USA: Washington; isolation_source=endo-cervical swab; serovar=F; host=Homo sapiens; title=Pathogen sample from Chlamydia trachomatis; comments=The annotation was added by the NCBI Prokaryotic Genome Annotation Pipeline (PGAP). Information about PGAP can be found here: https://www.ncbi.nlm.nih.gov/genome/annotation_prok/	primary	INCLUDE	
GCF_000590635.1	GCA_000590635.1	ASM59063v1	Chlamydia trachomatis F/11-96	F/11-96		F	SAMN02189832	PRJNA213111	PRJNA213111	Chlamydia trachomatis Phenotype or Genotype	Oregon State University	2013-08-21	Illumina HiSeq	Maq v. 0.7.1	Complete Genome	current	SOURCE_DATABASE_REFSEQ	1042853	41.5	1	1	1996-03-17	USA: Washington	Homo sapiens	endo-cervical swab		OK	species_match	98.86	2.22	label=F/11-96; lat_lon=47.6097 N 122.3331 W; collected_by=University of Washington; collection_date=1996-03-17; geo_loc_name=USA: Washington; isolation_source=endo-cervical swab; serovar=F; host=Homo sapiens; strain=F/11-96; title=Pathogen sample from Chlamydia trachomatis; comments=The annotation was added by the NCBI Prokaryotic Genome Annotation Pipeline (PGAP). Information about PGAP can be found here: https://www.ncbi.nlm.nih.gov/genome/annotation_prok/	primary	INCLUDE	
GCF_000590675.1	GCA_000590675.1	ASM59067v1	Chlamydia trachomatis	D/13-96	missing	D	SAMN02189834	PRJNA213111	PRJNA213111	Chlamydia trachomatis Phenotype or Genotype	Oregon State University	2013-08-21	Illumina HiSeq	Maq v. 0.7.1	Complete Genome	current	SOURCE_DATABASE_REFSEQ	1042752	41.5	1	1	1996-03-21	USA: Washington	Homo sapiens	endo-cervical swab		OK	species_match	98.86	2.22	label=D/13-96; lat_lon=47.6097 N 122.3331 W; collected_by=University of Washington; collection_date=1996-03-21; isolate=missing; geo_loc_name=USA: Washington; isolation_source=endo-cervical swab; serovar=D; host=Homo sapiens; title=Pathogen sample from Chlamydia trachomatis; comments=The annotation was added by the NCBI Prokaryotic Genome Annotation Pipeline (PGAP). Information about PGAP can be found here: https://www.ncbi.nlm.nih.gov/genome/annotation_prok/	primary	INCLUDE	
GCF_000590755.1	GCA_000590755.1	ASM59075v1	Chlamydia trachomatis	J/31-98	missing	J	SAMN02189838	PRJNA213111	PRJNA213111	Chlamydia trachomatis Phenotype or Genotype	Oregon State University	2013-08-21	Illumina HiSeq	Maq v. 0.7.1	Complete Genome	current	SOURCE_DATABASE_REFSEQ	1043207	41.5	1	1	1998-01-02	USA: Washington	Homo sapiens	endo-cervical swab		OK	species_match	98.88	2.22	label=J/31-98; lat_lon=47.6097 N 122.3331 W; collected_by=University of Washington; collection_date=1998-01-02; isolate=missing; geo_loc_name=USA: Washington; isolation_source=endo-cervical swab; serovar=J; host=Homo sapiens; title=Pathogen sample from Chlamydia trachomatis; comments=The annotation was added by the NCBI Prokaryotic Genome Annotation Pipeline (PGAP). Information about PGAP can be found here: https://www.ncbi.nlm.nih.gov/genome/annotation_prok/	primary	INCLUDE	
GCF_000971705.1	GCA_000971705.1	ASM97170v1	Chlamydia trachomatis	L2b/CS19/08			SAMN03195884	PRJNA266925	PRJNA266925	Genetic diversity among Chlamydia trachomatis lymphogranuloma venereum isolates - strain L2b/CS19/08	National Institute of Health, Portugal	2015-04-13	Illumina	Bowtie2 v. 2.1.0; BWA v. 0.7.5a	Complete Genome	current	SOURCE_DATABASE_REFSEQ	1046364	41.5	2	2	2008	Portugal:Lisbon	Homo sapiens	Portugal:Lisbon	LGV proctitis	OK	species_match	98.93	1.73	strain=L2b/CS19/08; collected_by=National Institute of Health, Portugal; collection_date=2008; geo_loc_name=Portugal:Lisbon; host=Homo sapiens; host_disease=LGV proctitis; isolation_source=Portugal:Lisbon; lat_lon=38.765337 N 9.164366 W; genotype=L2b; title=Genetic diversity among Chlamydia trachomatis lymphogranuloma venereum isolates - strain L2b/CS19/08; comments=Source DNA is available from National Institute of Heath, Portugal; Av. Padre Cruz, 1649-016 Lisbon, Portugal; Address correspondence to Joao P. Gomes: j.paulo.gomes@insa.min-saude.pt The annotation was added by the NCBI Prokaryotic Genome Annotation Pipeline (PGAP). Information about PGAP can be found here: https://www.ncbi.nlm.nih.gov/genome/annotation_prok/	primary	INCLUDE	
GCF_000971725.1	GCA_000971725.1	ASM97172v1	Chlamydia trachomatis	L2b/CS784/08			SAMN03195889	PRJNA266926	PRJNA266926	Genetic diversity among Chlamydia trachomatis lymphogranuloma venereum isolates - strain L2b/CS784/08	National Institute of Health, Portugal	2015-04-13	Illumina	Bowtie2 v. 2.1.0; BWA v. 0.7.5a	Complete Genome	current	SOURCE_DATABASE_REFSEQ	1046364	41.5	2	2	2008	Portugal:Lisbon	Homo sapiens	Portugal:Lisbon	LGV proctitis	OK	species_match	98.93	1.73	strain=L2b/CS784/08; collected_by=National Institute of Health, Portugal; collection_date=2008; geo_loc_name=Portugal:Lisbon; host=Homo sapiens; host_disease=LGV proctitis; isolation_source=Portugal:Lisbon; lat_lon=38.765337 N 9.164366 W; genotype=L2b; title=Genetic diversity among Chlamydia trachomatis lymphogranuloma venereum isolates - strain L2b/CS784/08; comments=The annotation was added by the NCBI Prokaryotic Genome Annotation Pipeline (PGAP). Information about PGAP can be found here: https://www.ncbi.nlm.nih.gov/genome/annotation_prok/	primary	INCLUDE	
GCF_001183765.1	GCA_001183765.1	ASM118376v1	Chlamydia trachomatis D/CS637/11	D/CS637/11			SAMN03890858	PRJNA234355	PRJNA234355	Laboratory adaptation of Chlamydia trachomatis	National Institute of Health, Portugal	2015-07-21	Illumina	Bowtie v. 2.1.0	Complete Genome	current	SOURCE_DATABASE_REFSEQ	1050173	41.5	2	2						OK	species_match	99.02	2.22	strain=D/CS637/11; title=Sample from Chlamydia trachomatis D/CS637/11; comments=The annotation was added by the NCBI Prokaryotic Genome Annotation Pipeline (PGAP). Information about PGAP can be found here: https://www.ncbi.nlm.nih.gov/genome/annotation_prok/	quality_review	REVIEW	sparse_metadata (no collection date, location or host)
GCF_001183805.1	GCA_001183805.1	ASM118380v1	Chlamydia trachomatis	E/CS1025/11			SAMN03290707	PRJNA234355	PRJNA234355	Laboratory adaptation of Chlamydia trachomatis	National Institute of Health, Portugal	2015-07-21	Illumina	Bowtie2 v. 2.1.0; BWA v. 0.7.5.a	Complete Genome	current	SOURCE_DATABASE_REFSEQ	1050536	41.5	2	2	2011	Portugal:Lisbon	Homo sapiens	missing	missing	OK	species_match	98.67	2.22	strain=E/CS1025/11; collected_by=National Institute of Health; collection_date=2011; geo_loc_name=Portugal:Lisbon; host=Homo sapiens; host_disease=missing; isolation_source=missing; lat_lon=not collected; title=Laboratory adaptation of Chlamydia trachomatis - strain E/CS1025/11; comments=Source bacteria/DNA is available from National Institute of Heath, Portugal; Av. Padre Cruz, 1649-016 Lisbon, Portugal; Address correspondence to Joao P. Gomes (j.paulo.gomes@insa.min-saude.pt) The annotation was added by the NCBI Prokaryotic Genome Annotation Pipeline (PGAP). Information about PGAP can be found here: https://www.ncbi.nlm.nih.gov/genome/annotation_prok/  Annotation modified by submitter	quality_review	REVIEW	
GCF_001183825.1	GCA_001183825.1	ASM118382v1	Chlamydia trachomatis	F/CS847/08			SAMN03290797	PRJNA234355	PRJNA234355	Laboratory adaptation of Chlamydia trachomatis	National Institute of Health, Portugal	2015-07-21	Illumina	Bowtie2 v. 2.1.0; BWA v. 0.7.5.a	Complete Genome	current	SOURCE_DATABASE_REFSEQ	1050553	41.5	2	2	2008	Portugal:Lisbon	Homo sapiens	missing	missing	OK	species_match	98.77	2.22	strain=F/CS847/08; collected_by=National Institute of Health; collection_date=2008; geo_loc_name=Portugal:Lisbon; host=Homo sapiens; host_disease=missing; isolation_source=missing; lat_lon=not applicable; title=Laboratory adaptation of Chlamydia trachomatis - strain F/CS847/08; comments=Source bacteria/DNA is available from National Institute of Heath, Portugal; Av. Padre Cruz, 1649-016 Lisbon, Portugal; Address correspondence to Joao P. Gomes (j.paulo.gomes@insa.min-saude.pt) The annotation was added by the NCBI Prokaryotic Genome Annotation Pipeline (PGAP). Information about PGAP can be found here: https://www.ncbi.nlm.nih.gov/genome/annotation_prok/	quality_review	REVIEW	
GCF_001183845.1	GCA_001183845.1	ASM118384v1	Chlamydia trachomatis	Ia/CS190/96			SAMN03290798	PRJNA234355	PRJNA234355	Laboratory adaptation of Chlamydia trachomatis	National Institute of Health, Portugal	2015-07-21	Illumina	Bowtie2 v. 2.1.0; BWA v. 0.7.5.a	Complete Genome	current	SOURCE_DATABASE_REFSEQ	1049505	41.5	2	2	1996	Portugal:Lisbon	Homo sapiens	missing	missing	OK	species_match	99.02	2.22	strain=Ia/CS190/96; collected_by=National Institute of Health; collection_date=1996; geo_loc_name=Portugal:Lisbon; host=Homo sapiens; host_disease=missing; isolation_source=missing; lat_lon=not applicable; title=Laboratory adaptation of Chlamydia trachomatis - strain Ia/CS190/96; comments=Source bacteria/DNA is available from National Institute of Heath, Portugal; Av. Padre Cruz, 1649-016 Lisbon, Portugal; Address correspondence to Joao P. Gomes (j.paulo.gomes@insa.min-saude.pt) The annotation was added by the NCBI Prokaryotic Genome Annotation Pipeline (PGAP). Information about PGAP can be found here: https://www.ncbi.nlm.nih.gov/genome/annotation_prok/	quality_review	REVIEW	
GCF_001655335.1	GCA_001655335.1	ASM165533v1	Chlamydia trachomatis	E-103			SAMN04590078	PRJNA316787	PRJNA316787	Re-sequencing of Chlamydia trachomatis E and F strains	CHI: Chlamydien-Wirtszell-Interaktion	2016-06-03	Illumina	AMOScmp v. 3.1.0; MaSuRCA v. 2.3.0rc1; SPAdes v. 3.1.0	Complete Genome	current	SOURCE_DATABASE_REFSEQ	1050521	41.5	2	2	1990	Germany: Jena	Homo sapiens	Patient sample	Chlamydial Infection	OK	species_match	98.6	2.22	strain=E-103; collected_by=Juergen Roedel, Eberhard Straube; collection_date=1990; geo_loc_name=Germany: Jena; host=Homo sapiens; host_disease=Chlamydial Infection; isolation_source=Patient sample; lat_lon=50.9296848 N 11.57917950 E; title=Pathogen: clinical or host-associated sample from Chlamydia trachomatis; comments=The annotation was added by the NCBI Prokaryotic Genome Annotation Pipeline (PGAP). Information about PGAP can be found here: https://www.ncbi.nlm.nih.gov/genome/annotation_prok/	primary	REVIEW	
GCF_001655375.1	GCA_001655375.1	ASM165537v1	Chlamydia trachomatis	E-160			SAMN04590080	PRJNA316787	PRJNA316787	Re-sequencing of Chlamydia trachomatis E and F strains	CHI: Chlamydien-Wirtszell-Interaktion	2016-06-03	Illumina	AMOScmp v. 3.1.0; MaSuRCA v. 2.3.0rc1; SPAdes v. 3.1.0	Complete Genome	current	SOURCE_DATABASE_REFSEQ	1050509	41.5	2	2	1990	Germany: Jena	Homo sapiens	Patient sample	Chlamydial Infection	OK	species_match	98.67	2.22	strain=E-160; collected_by=Juergen Roedel, Eberhard Straube; collection_date=1990; geo_loc_name=Germany: Jena; host=Homo sapiens; host_disease=Chlamydial Infection; isolation_source=Patient sample; lat_lon=50.9296848 N 11.57917950 E; title=Pathogen: clinical or host-associated sample from Chlamydia trachomatis; comments=The annotation was added by the NCBI Prokaryotic Genome Annotation Pipeline (PGAP). Information about PGAP can be found here: https://www.ncbi.nlm.nih.gov/genome/annotation_prok/	primary	REVIEW	
GCF_001655415.1	GCA_001655415.1	ASM165541v1	Chlamydia trachomatis	E-547			SAMN04590083	PRJNA316787	PRJNA316787	Re-sequencing of Chlamydia trachomatis E and F strains	CHI: Chlamydien-Wirtszell-Interaktion	2016-06-03	Illumina	AMOScmp v. 3.1.0; MaSuRCA v. 2.3.0rc1; SPAdes v. 3.1.0	Complete Genome	current	SOURCE_DATABASE_REFSEQ	1050505	41.5	2	2	1990	Germany: Jena	Homo sapiens	Patient sample	Chlamydial Infection	OK	species_match	98.67	2.22	strain=E-547; collected_by=Juergen Roedel, Eberhard Straube; collection_date=1990; geo_loc_name=Germany: Jena; host=Homo sapiens; host_disease=Chlamydial Infection; isolation_source=Patient sample; lat_lon=50.9296848 N 11.57917950 E; title=Pathogen: clinical or host-associated sample from Chlamydia trachomatis; comments=The annotation was added by the NCBI Prokaryotic Genome Annotation Pipeline (PGAP). Information about PGAP can be found here: https://www.ncbi.nlm.nih.gov/genome/annotation_prok/	primary	REVIEW	
GCF_001655455.1	GCA_001655455.1	ASM165545v1	Chlamydia trachomatis	E-8873			SAMN04590085	PRJNA316787	PRJNA316787	Re-sequencing of Chlamydia trachomatis E and F strains	CHI: Chlamydien-Wirtszell-Interaktion	2016-06-03	Illumina	AMOScmp v. 3.1.0; MaSuRCA v. 2.3.0rc1; SPAdes v. 3.1.0	Complete Genome	current	SOURCE_DATABASE_REFSEQ	1050210	41.5	2	2	1990	Germany: Jena	Homo sapiens	Patient sample	Chlamydial Infection	OK	species_match	98.86	2.22	strain=E-8873; collected_by=Juergen Roedel, Eberhard Straube; collection_date=1990; geo_loc_name=Germany: Jena; host=Homo sapiens; host_disease=Chlamydial Infection; isolation_source=Patient sample; lat_lon=50.9296848 N 11.57917950 E; title=Pathogen: clinical or host-associated sample from Chlamydia trachomatis; comments=The annotation was added by the NCBI Prokaryotic Genome Annotation Pipeline (PGAP). Information about PGAP can be found here: https://www.ncbi.nlm.nih.gov/genome/annotation_prok/	primary	REVIEW	
GCF_001655495.1	GCA_001655495.1	ASM165549v1	Chlamydia trachomatis	E-32931			SAMN04590087	PRJNA316787	PRJNA316787	Re-sequencing of Chlamydia trachomatis E and F strains	CHI: Chlamydien-Wirtszell-Interaktion	2016-06-03	Illumina	AMOScmp v. 3.1.0; MaSuRCA v. 2.3.0rc1; SPAdes v. 3.1.0	Complete Genome	current	SOURCE_DATABASE_REFSEQ	1056419	41.5	2	2	1990	Germany: Jena	Homo sapiens	Patient sample	Chlamydial Infection	OK	species_match	98.67	2.22	strain=E-32931; collected_by=Juergen Roedel, Eberhard Straube; collection_date=1990; geo_loc_name=Germany: Jena; host=Homo sapiens; host_disease=Chlamydial Infection; isolation_source=Patient sample; lat_lon=50.9296848 N 11.57917950 E; title=Pathogen: clinical or host-associated sample from Chlamydia trachomatis; comments=The annotation was added by the NCBI Prokaryotic Genome Annotation Pipeline (PGAP). Information about PGAP can be found here: https://www.ncbi.nlm.nih.gov/genome/annotation_prok/	primary	REVIEW	
GCF_001655535.1	GCA_001655535.1	ASM165553v1	Chlamydia trachomatis	E-DK-20			SAMN04590089	PRJNA316787	PRJNA316787	Re-sequencing of Chlamydia trachomatis E and F strains	CHI: Chlamydien-Wirtszell-Interaktion	2016-06-03	Illumina	AMOScmp v. 3.1.0; MaSuRCA v. 2.3.0rc1; SPAdes v. 3.1.0	Complete Genome	current	SOURCE_DATABASE_REFSEQ	1055535	41.5	2	2	1990	Germany: Jena	Homo sapiens	Lab strain	Chlamydial Infection	OK	species_match	98.77	2.22	strain=E-DK-20; collected_by=Juergen Roedel, Eberhard Straube; collection_date=1990; geo_loc_name=Germany: Jena; host=Homo sapiens; host_disease=Chlamydial Infection; isolation_source=Lab strain; lat_lon=50.9296848 N 11.57917950 E; title=Pathogen: clinical or host-associated sample from Chlamydia trachomatis; comments=The annotation was added by the NCBI Prokaryotic Genome Annotation Pipeline (PGAP). Information about PGAP can be found here: https://www.ncbi.nlm.nih.gov/genome/annotation_prok/	primary	REVIEW	
GCF_001655575.1	GCA_001655575.1	ASM165557v1	Chlamydia trachomatis	F-6068			SAMN04590091	PRJNA316787	PRJNA316787	Re-sequencing of Chlamydia trachomatis E and F strains	CHI: Chlamydien-Wirtszell-Interaktion	2016-06-03	Illumina	AMOScmp v. 3.1.0; MaSuRCA v. 2.3.0rc1; SPAdes v. 3.1.0	Complete Genome	current	SOURCE_DATABASE_REFSEQ	1050231	41.5	2	2	1990	Germany: Jena	Homo sapiens	Patient sample	Chlamydial Infection	OK	species_match	98.86	2.22	strain=F-6068; collected_by=Juergen Roedel, Eberhard Straube; collection_date=1990; geo_loc_name=Germany: Jena; host=Homo sapiens; host_disease=Chlamydial Infection; isolation_source=Patient sample; lat_lon=50.9296848 N 11.57917950 E; title=Pathogen: clinical or host-associated sample from Chlamydia trachomatis; comments=The annotation was added by the NCBI Prokaryotic Genome Annotation Pipeline (PGAP). Information about PGAP can be found here: https://www.ncbi.nlm.nih.gov/genome/annotation_prok/	primary	REVIEW	
GCF_001885175.1	GCA_001885175.1	ASM188517v1	Chlamydia trachomatis	QH111L			SAMN05991867	PRJNA352770	PRJNA352770	Chlamydia trachomatis Genome sequencing and assembly	Beijing Institute of Microbiology and Epidemiology	2016-11-22	Illumina HiSeq	Edena v. v3	Complete Genome	current	SOURCE_DATABASE_REFSEQ	1033342	41	2	2	2015-05	China: Qinghai	Homo sapiens	missing	trachoma	OK	species_match	91.61	2.22	strain=QH111L; collected_by=Beijing Tongren Hospital; collection_date=2015-05; geo_loc_name=China: Qinghai; host=Homo sapiens; host_disease=trachoma; isolation_source=missing; lat_lon=35.76 N 102.28 E; genotype=B; host_age=11; host_sex=male; title=Pathogen: clinical or host-associated sample from Chlamydia trachomatis; comments=Bacteria and source DNA available from Lihua Song. The annotation was added by the NCBI Prokaryotic Genome Annotation Pipeline (PGAP). Information about PGAP can be found here: https://www.ncbi.nlm.nih.gov/genome/annotation_prok/	primary	INCLUDE	
GCF_002776745.1	GCA_002776745.1	ASM277674v1	Chlamydia trachomatis	SQ32		D-	SAMN05870231	PRJNA338746	PRJNA338746	Same-patient Chlamydia trachoma's genome sequences	Oregon State University	2017-11-16	Illumina Hiseq 2000	Geneious v. 7.1.7	Complete Genome	current	SOURCE_DATABASE_REFSEQ	1047716	41.5	1	1	1995	USA: Seattle, WA	Homo sapiens			OK	species_match	98.78	2.22	strain=SQ32; collection_date=1995; env_broad_scale=Human genital epithelium; env_local_scale=vaginal; env_medium=epithelial cells; geo_loc_name=USA: Seattle, WA; host=Homo sapiens; isol_growth_condt=missing; lat_lon=missing; num_replicons=not applicable; ref_biomaterial=missing; host_sex=female; host_subject_id=Patient 1; serovar=D-; title=MIGS Cultured Bacterial/Archaeal sample from Chlamydia trachomatis; comments=Source bacteria available from Robert Suchland, University of Washington The annotation was added by the NCBI Prokaryotic Genome Annotation Pipeline (PGAP). Information about PGAP can be found here: https://www.ncbi.nlm.nih.gov/genome/annotation_prok/	primary	INCLUDE	dominant_bioproject (14/125)
GCF_002776795.1	GCA_002776795.1	ASM277679v1	Chlamydia trachomatis	SQ29		D-	SAMN05870230	PRJNA338746	PRJNA338746	Same-patient Chlamydia trachoma's genome sequences	Oregon State University	2017-11-16	Illumina Hiseq 2000	Geneious v. 7.1.7	Complete Genome	current	SOURCE_DATABASE_REFSEQ	1047716	41.5	1	1	1991-10	USA: Seattle, WA	Homo sapiens			OK	species_match	98.78	2.22	strain=SQ29; collection_date=1991-10; env_broad_scale=Human genital epithelium; env_local_scale=vaginal; env_medium=epithelial cells; geo_loc_name=USA: Seattle, WA; host=Homo sapiens; isol_growth_condt=missing; lat_lon=missing; num_replicons=not applicable; ref_biomaterial=missing; host_sex=female; host_subject_id=Patient 1; serovar=D-; title=MIGS Cultured Bacterial/Archaeal sample from Chlamydia trachomatis; comments=Source bacteria available from Robert Suchland, University of Washington The annotation was added by the NCBI Prokaryotic Genome Annotation Pipeline (PGAP). Information about PGAP can be found here: https://www.ncbi.nlm.nih.gov/genome/annotation_prok/	primary	INCLUDE	dominant_bioproject (14/125)
GCF_002776845.1	GCA_002776845.1	ASM277684v1	Chlamydia trachomatis	SQ20		H	SAMN05870245	PRJNA338746	PRJNA338746	Same-patient Chlamydia trachoma's genome sequences	Oregon State University	2017-11-16	Illumina Hiseq 2000	Geneious v. 7.1.7	Complete Genome	current	SOURCE_DATABASE_REFSEQ	1048530	41.5	1	1	1991-06	USA: Seattle, WA	Homo sapiens			OK	species_match	99.02	2.22	strain=SQ20; collection_date=1991-06; env_broad_scale=Human genital epithelium; env_local_scale=vaginal; env_medium=epithelial cells; geo_loc_name=USA: Seattle, WA; host=Homo sapiens; isol_growth_condt=missing; lat_lon=missing; num_replicons=not applicable; ref_biomaterial=missing; host_sex=female; host_subject_id=Patient 7; serovar=H; title=MIGS Cultured Bacterial/Archaeal sample from Chlamydia trachomatis; comments=Source bacteria available from Robert Suchland, University of Washington The annotation was added by the NCBI Prokaryotic Genome Annotation Pipeline (PGAP). Information about PGAP can be found here: https://www.ncbi.nlm.nih.gov/genome/annotation_prok/	primary	INCLUDE	dominant_bioproject (14/125)
GCF_002776885.1	GCA_002776885.1	ASM277688v1	Chlamydia trachomatis	SQ24		H	SAMN05870246	PRJNA338746	PRJNA338746	Same-patient Chlamydia trachoma's genome sequences	Oregon State University	2017-11-16	Illumina Hiseq 2000	Geneious v. 7.1.7	Complete Genome	current	SOURCE_DATABASE_REFSEQ	1048538	41.5	1	1	1993	USA: Seattle, WA	Homo sapiens			OK	species_match	99.02	2.22	strain=SQ24; collection_date=1993; env_broad_scale=Human genital epithelium; env_local_scale=vaginal; env_medium=epithelial cells; geo_loc_name=USA: Seattle, WA; host=Homo sapiens; isol_growth_condt=missing; lat_lon=missing; num_replicons=not applicable; ref_biomaterial=missing; host_sex=female; host_subject_id=Patient 7; serovar=H; title=MIGS Cultured Bacterial/Archaeal sample from Chlamydia trachomatis; comments=Source bacteria available from Robert Suchland, University of Washington The annotation was added by the NCBI Prokaryotic Genome Annotation Pipeline (PGAP). Information about PGAP can be found here: https://www.ncbi.nlm.nih.gov/genome/annotation_prok/	primary	INCLUDE	dominant_bioproject (14/125)
GCF_002776955.1	GCA_002776955.1	ASM277695v1	Chlamydia trachomatis	SQ09		Ia	SAMN05870239	PRJNA338746	PRJNA338746	Same-patient Chlamydia trachoma's genome sequences	Oregon State University	2017-11-16	Illumina Hiseq 2000	Geneious v. 7.1.7	Complete Genome	current	SOURCE_DATABASE_REFSEQ	1042567	41.5	1	1	1992-07	USA: Seattle, WA	Homo sapiens			OK	species_match	98.83	1.73	strain=SQ09; collection_date=1992-07; env_broad_scale=Human genital epithelium; env_local_scale=vaginal; env_medium=epithelial cells; geo_loc_name=USA: Seattle, WA; host=Homo sapiens; isol_growth_condt=missing; lat_lon=missing; num_replicons=not applicable; ref_biomaterial=missing; host_sex=female; host_subject_id=Patient 5; serovar=Ia; title=MIGS Cultured Bacterial/Archaeal sample from Chlamydia trachomatis; comments=Source bacteria available from Robert Suchland, University of Washington The annotation was added by the NCBI Prokaryotic Genome Annotation Pipeline (PGAP). Information about PGAP can be found here: https://www.ncbi.nlm.nih.gov/genome/annotation_prok/	primary	INCLUDE	dominant_bioproject (14/125)
GCF_002776975.1	GCA_002776975.1	ASM277697v1	Chlamydia trachomatis	SQ10		Ia	SAMN05870240	PRJNA338746	PRJNA338746	Same-patient Chlamydia trachoma's genome sequences	Oregon State University	2017-11-16	Illumina Hiseq 2000	Geneious v. 7.1.7	Complete Genome	current	SOURCE_DATABASE_REFSEQ	1042575	41.5	1	1	1993	USA: Seattle, WA	Homo sapiens			OK	species_match	98.83	1.73	strain=SQ10; collection_date=1993; env_broad_scale=Human genital epithelium; env_local_scale=vaginal; env_medium=epithelial cells; geo_loc_name=USA: Seattle, WA; host=Homo sapiens; isol_growth_condt=missing; lat_lon=missing; num_replicons=not applicable; ref_biomaterial=missing; host_sex=female; host_subject_id=Patient 5; serovar=Ia; title=MIGS Cultured Bacterial/Archaeal sample from Chlamydia trachomatis; comments=Source bacteria available from Robert Suchland, University of Washington The annotation was added by the NCBI Prokaryotic Genome Annotation Pipeline (PGAP). Information about PGAP can be found here: https://www.ncbi.nlm.nih.gov/genome/annotation_prok/	primary	INCLUDE	dominant_bioproject (14/125)
GCF_002776995.1	GCA_002776995.1	ASM277699v1	Chlamydia trachomatis	SQ12		Ia	SAMN05870241	PRJNA338746	PRJNA338746	Same-patient Chlamydia trachoma's genome sequences	Oregon State University	2017-11-16	Illumina Hiseq 2000	Geneious v. 7.1.7	Complete Genome	current	SOURCE_DATABASE_REFSEQ	1042577	41.5	1	1	1995	USA: Seattle, WA	Homo sapiens			OK	species_match	98.79	1.73	strain=SQ12; collection_date=1995; env_broad_scale=Human genital epithelium; env_local_scale=vaginal; env_medium=epithelial cells; geo_loc_name=USA: Seattle, WA; host=Homo sapiens; isol_growth_condt=missing; lat_lon=missing; num_replicons=not applicable; ref_biomaterial=missing; host_sex=female; host_subject_id=Patient 5; serovar=Ia; title=MIGS Cultured Bacterial/Archaeal sample from Chlamydia trachomatis; comments=Source bacteria available from Robert Suchland, University of Washington The annotation was added by the NCBI Prokaryotic Genome Annotation Pipeline (PGAP). Information about PGAP can be found here: https://www.ncbi.nlm.nih.gov/genome/annotation_prok/	primary	INCLUDE	dominant_bioproject (14/125)
GCF_002777015.1	GCA_002777015.1	ASM277701v1	Chlamydia trachomatis	SQ14		Ia	SAMN05870242	PRJNA338746	PRJNA338746	Same-patient Chlamydia trachoma's genome sequences	Oregon State University	2017-11-16	Illumina Hiseq 2000	Geneious v. 7.1.7	Complete Genome	current	SOURCE_DATABASE_REFSEQ	1042578	41.5	1	1	1996	USA: Seattle, WA	Homo sapiens			OK	species_match	98.83	1.73	strain=SQ14; collection_date=1996; env_broad_scale=Human genital epithelium; env_local_scale=vaginal; env_medium=epithelial cells; geo_loc_name=USA: Seattle, WA; host=Homo sapiens; isol_growth_condt=missing; lat_lon=missing; num_replicons=not applicable; ref_biomaterial=missing; host_sex=female; host_subject_id=Patient 5; serovar=Ia; title=MIGS Cultured Bacterial/Archaeal sample from Chlamydia trachomatis; comments=Sourc bacteria available from Robert Suchland at the University of Washington The annotation was added by the NCBI Prokaryotic Genome Annotation Pipeline (PGAP). Information about PGAP can be found here: https://www.ncbi.nlm.nih.gov/genome/annotation_prok/	primary	INCLUDE	dominant_bioproject (14/125)
GCF_002777035.1	GCA_002777035.1	ASM277703v1	Chlamydia trachomatis	SQ01		J	SAMN05870232	PRJNA338746	PRJNA338746	Same-patient Chlamydia trachoma's genome sequences	Oregon State University	2017-11-16	Illumina Hiseq 2000	Geneious v. 7.1.7	Complete Genome	current	SOURCE_DATABASE_REFSEQ	1048696	41.5	1	1	1995-04	USA: Seattle, WA	Homo sapiens			OK	species_match	98.93	1.73	strain=SQ01; collection_date=1995-04; env_broad_scale=Human genital epithelium; env_local_scale=vaginal; env_medium=epithelial cells; geo_loc_name=USA: Seattle, WA; host=Homo sapiens; isol_growth_condt=missing; lat_lon=missing; num_replicons=not applicable; ref_biomaterial=missing; host_sex=female; host_subject_id=Patient 2; serovar=J; title=MIGS Cultured Bacterial/Archaeal sample from Chlamydia trachomatis; comments=Sourc bacteria available from Robert Suchland at the University of Washington The annotation was added by the NCBI Prokaryotic Genome Annotation Pipeline (PGAP). Information about PGAP can be found here: https://www.ncbi.nlm.nih.gov/genome/annotation_prok/	primary	INCLUDE	dominant_bioproject (14/125)
GCF_002777055.1	GCA_002777055.1	ASM277705v1	Chlamydia trachomatis	SQ02		J	SAMN05870233	PRJNA338746	PRJNA338746	Same-patient Chlamydia trachoma's genome sequences	Oregon State University	2017-11-16	Illumina Hiseq 2000	Geneious v. 7.1.7	Complete Genome	current	SOURCE_DATABASE_REFSEQ	1048696	41.5	1	1	1996	USA: Seattle, WA	Homo sapiens			OK	species_match	98.93	1.73	strain=SQ02; collection_date=1996; env_broad_scale=Human genital epithelium; env_local_scale=vaginal; env_medium=epithelial cells; geo_loc_name=USA: Seattle, WA; host=Homo sapiens; isol_growth_condt=missing; lat_lon=missing; num_replicons=not applicable; ref_biomaterial=missing; host_sex=female; host_subject_id=Patient 2; serovar=J; title=MIGS Cultured Bacterial/Archaeal sample from Chlamydia trachomatis; comments=Sourc bacteria available from Robert Suchland at the University of Washington The annotation was added by the NCBI Prokaryotic Genome Annotation Pipeline (PGAP). Information about PGAP can be found here: https://www.ncbi.nlm.nih.gov/genome/annotation_prok/	primary	INCLUDE	dominant_bioproject (14/125)
GCF_002777075.1	GCA_002777075.1	ASM277707v1	Chlamydia trachomatis	SQ05		J	SAMN05870234	PRJNA338746	PRJNA338746	Same-patient Chlamydia trachoma's genome sequences	Oregon State University	2017-11-16	Illumina Hiseq 2000	Geneious v. 7.1.7	Complete Genome	current	SOURCE_DATABASE_REFSEQ	1048696	41.5	1	1	1998	USA: Seattle, WA	Homo sapiens			OK	species_match	98.93	1.73	strain=SQ05; collection_date=1998; env_broad_scale=Human genital epithelium; env_local_scale=vaginal; env_medium=epithelial cells; geo_loc_name=USA: Seattle, WA; host=Homo sapiens; isol_growth_condt=missing; lat_lon=missing; num_replicons=not applicable; ref_biomaterial=missing; host_sex=female; host_subject_id=Patient 2; serovar=J; title=MIGS Cultured Bacterial/Archaeal sample from Chlamydia trachomatis; comments=Sourc bacteria available from Robert Suchland at the University of Washington The annotation was added by the NCBI Prokaryotic Genome Annotation Pipeline (PGAP). Information about PGAP can be found here: https://www.ncbi.nlm.nih.gov/genome/annotation_prok/	primary	INCLUDE	dominant_bioproject (14/125)
GCF_002777095.1	GCA_002777095.1	ASM277709v1	Chlamydia trachomatis	SQ25		Ja	SAMN05870235	PRJNA338746	PRJNA338746	Same-patient Chlamydia trachoma's genome sequences	Oregon State University	2017-11-16	Illumina Hiseq 2000	Geneious v. 7.1.7	Complete Genome	current	SOURCE_DATABASE_REFSEQ	1043246	41.5	1	1	1992-02	USA: Seattle, WA	Homo sapiens			OK	species_match	98.4	2.22	strain=SQ25; collection_date=1992-02; env_broad_scale=Human genital epithelium; env_local_scale=vaginal; env_medium=epithelial cells; geo_loc_name=USA: Seattle, WA; host=Homo sapiens; isol_growth_condt=missing; lat_lon=missing; num_replicons=not applicable; ref_biomaterial=missing; host_sex=female; host_subject_id=Patient 3; serovar=Ja; title=MIGS Cultured Bacterial/Archaeal sample from Chlamydia trachomatis; comments=Sourc bacteria available from Robert Suchland at the University of Washington The annotation was added by the NCBI Prokaryotic Genome Annotation Pipeline (PGAP). Information about PGAP can be found here: https://www.ncbi.nlm.nih.gov/genome/annotation_prok/	primary	INCLUDE	dominant_bioproject (14/125)
GCF_002777135.1	GCA_002777135.1	ASM277713v1	Chlamydia trachomatis	SQ15		K	SAMN05870243	PRJNA338746	PRJNA338746	Same-patient Chlamydia trachoma's genome sequences	Oregon State University	2017-11-16	Illumina Hiseq 2000	Geneious v. 7.1.7	Complete Genome	current	SOURCE_DATABASE_REFSEQ	1048307	41.5	1	1	1986-12	USA: Seattle, WA	Homo sapiens			OK	species_match	98.86	1.73	strain=SQ15; collection_date=1986-12; env_broad_scale=Human genital epithelium; env_local_scale=vaginal; env_medium=epithelial cells; geo_loc_name=USA: Seattle, WA; host=Homo sapiens; isol_growth_condt=missing; lat_lon=missing; num_replicons=not applicable; ref_biomaterial=missing; host_sex=female; host_subject_id=Patient 6; serovar=K; title=MIGS Cultured Bacterial/Archaeal sample from Chlamydia trachomatis; comments=Sourc bacteria available from Robert Suchland at the University of Washington The annotation was added by the NCBI Prokaryotic Genome Annotation Pipeline (PGAP). Information about PGAP can be found here: https://www.ncbi.nlm.nih.gov/genome/annotation_prok/	primary	INCLUDE	dominant_bioproject (14/125)
GCF_002777155.1	GCA_002777155.1	ASM277715v1	Chlamydia trachomatis	SQ19		K	SAMN05870244	PRJNA338746	PRJNA338746	Same-patient Chlamydia trachoma's genome sequences	Oregon State University	2017-11-16	Illumina Hiseq 2000	Geneious v. 7.1.7	Complete Genome	current	SOURCE_DATABASE_REFSEQ	1048306	41.5	1	1	1989	USA: Seattle, WA	Homo sapiens			OK	species_match	98.86	1.73	strain=SQ19; collection_date=1989; env_broad_scale=Human genital epithelium; env_local_scale=vaginal; env_medium=epithelial cells; geo_loc_name=USA: Seattle, WA; host=Homo sapiens; isol_growth_condt=missing; lat_lon=missing; num_replicons=not applicable; ref_biomaterial=missing; host_sex=female; host_subject_id=Patient 6; serovar=K; title=MIGS Cultured Bacterial/Archaeal sample from Chlamydia trachomatis; comments=Sourc bacteria available from Robert Suchland at the University of Washington The annotation was added by the NCBI Prokaryotic Genome Annotation Pipeline (PGAP). Information about PGAP can be found here: https://www.ncbi.nlm.nih.gov/genome/annotation_prok/	primary	INCLUDE	dominant_bioproject (14/125)
GCF_025723025.1	GCA_025723025.1	ASM2572302v1	Chlamydia trachomatis	L2f			SAMN31133397	PRJNA886480	PRJNA886480	Chlamydia trachomatis strain:ST44 Genome sequencing	Policlinico Sant'Orsola-Malpighi	2022-10-17	Illumina iSeq; Oxford Nanopore MinION	Unicycler v. 0.5.0	Complete Genome	current	SOURCE_DATABASE_REFSEQ	1045668	41.5	2	2	2017-05-01	Italy	Homo sapiens	Rectal swab	Chlamydia infection	OK	species_match	98.93	1.73	collected_by=Policlinico Sant'Orsola-Malpighi; collection_date=2017-05-01; geo_loc_name=Italy; host=Homo sapiens; host_disease=Chlamydia infection; isolation_source=Rectal swab; lat_lon=44.4912 N 11.3615 E; strain=L2f; title=Pathogen: clinical or host-associated sample from Chlamydia trachomatis; comments=Bacteria and source DNA available from Policlinico Sant'Orsola-Malpighi, Via Giuseppe Massarenti, 9, 40138 Bologna (Italy), Microbiology Unit The annotation was added by the NCBI Prokaryotic Genome Annotation Pipeline (PGAP). Information about PGAP can be found here: https://www.ncbi.nlm.nih.gov/genome/annotation_prok/	primary	INCLUDE	
GCF_036285905.1	GCA_036285905.1	ASM3628590v1	Chlamydia trachomatis	LGV II 434			SAMN39482422	PRJNA1066129	PRJNA1066129	Bordetella pertussis strain:F Genome sequencing	Vircell S.A.	2024-01-28	Illumina MiSeq; Oxford Nanopore GridION	Flye v. 2.9.2	Complete Genome	current	SOURCE_DATABASE_REFSEQ	1039264	41.5	1	1	2022-07-20	Spain: Granada	missing	medium McCoy infected cells		OK	species_match	98.93	1.73	collection_date=2022-07-20; geo_loc_name=Spain: Granada; sample_type=Whole organism; serotype=L2; isolation_source=medium McCoy infected cells; host=missing; strain=LGV II 434; subsrc_note=Lynfogranuloma venereum (LGV II) strain 434; title=Microbe sample from Chlamydia trachomatis; comments=Bacteria and source DNA available from Vircell S.A., Street Avicena 8, Granada 18016, Spain The annotation was added by the NCBI Prokaryotic Genome Annotation Pipeline (PGAP). Information about PGAP can be found here: https://www.ncbi.nlm.nih.gov/genome/annotation_prok/	quality_review	INCLUDE	
GCF_047414635.1	GCA_047414635.1	ASM4741463v1	Chlamydia trachomatis	L3/404/LN			SAMN42646840	PRJNA1137892	PRJNA1137892	Chlamydia trachomatis reference genomes	University of California San Francisco	2025-02-04	Illumina NovaSeq; Oxford Nanopore GridION	SPAdes v. v3.15.5; Flye v. 2.9.3-b1797	Complete Genome	current	SOURCE_DATABASE_REFSEQ	1039420	41.5	1	1	1967	USA: California	Homo sapiens	not applicable	LGV	OK	species_match	98.93	1.73	strain=L3/404/LN; collected_by=not applicable; collection_date=1967; geo_loc_name=USA: California; host=Homo sapiens; host_disease=LGV; isolation_source=not applicable; lat_lon=not applicable; title=Pathogen: clinical or host-associated sample from Chlamydia trachomatis	primary	INCLUDE	duplicate_strain_name || dominant_bioproject (18/125)
GCF_047416045.1	GCA_047416045.1	ASM4741604v1	Chlamydia trachomatis	L2-D/SF/L2c			SAMN42646836	PRJNA1137892	PRJNA1137892	Chlamydia trachomatis reference genomes	University of California San Francisco	2025-02-04	Illumina NovaSeq; Oxford Nanopore GridION	SPAdes v. v3.15.5; Flye v. 2.9.3-b1797	Complete Genome	current	SOURCE_DATABASE_REFSEQ	1038756	41.5	1	1	2010	USA: California	Homo sapiens	not applicable	LGV	OK	species_match	98.72	1.73	strain=L2-D/SF/L2c; collected_by=not applicable; collection_date=2010; geo_loc_name=USA: California; host=Homo sapiens; host_disease=LGV; isolation_source=not applicable; lat_lon=not applicable; title=Pathogen: clinical or host-associated sample from Chlamydia trachomatis	primary	INCLUDE	dominant_bioproject (18/125)
GCF_047416055.1	GCA_047416055.1	ASM4741605v1	Chlamydia trachomatis	L1/440/LN			SAMN42646835	PRJNA1137892	PRJNA1137892	Chlamydia trachomatis reference genomes	University of California San Francisco	2025-02-04	Illumina NovaSeq; Oxford Nanopore GridION	SPAdes v. v3.15.5; Flye v. 2.9.3-b1797	Complete Genome	current	SOURCE_DATABASE_REFSEQ	1039486	41.5	1	1	1968	USA: California	Homo sapiens	not applicable	LGV	OK	species_match	98.93	1.73	strain=L1/440/LN; collected_by=not applicable; collection_date=1968; geo_loc_name=USA: California; host=Homo sapiens; host_disease=LGV; isolation_source=not applicable; lat_lon=not applicable; title=Pathogen: clinical or host-associated sample from Chlamydia trachomatis	primary	INCLUDE	duplicate_strain_name || dominant_bioproject (18/125)
GCF_047416065.1	GCA_047416065.1	ASM4741606v1	Chlamydia trachomatis	K/UW-31/Cx			SAMN42646834	PRJNA1137892	PRJNA1137892	Chlamydia trachomatis reference genomes	University of California San Francisco	2025-02-04	Illumina NovaSeq; Oxford Nanopore GridION	SPAdes v. v3.15.5; Flye v. 2.9.3-b1797	Complete Genome	current	SOURCE_DATABASE_REFSEQ	1043159	41.5	1	1	1973	USA: Washington	Homo sapiens	not applicable	STI	OK	species_match	98.91	2.22	strain=K/UW-31/Cx; collected_by=not applicable; collection_date=1973; geo_loc_name=USA: Washington; host=Homo sapiens; host_disease=STI; isolation_source=not applicable; lat_lon=not applicable; title=Pathogen: clinical or host-associated sample from Chlamydia trachomatis	primary	INCLUDE	dominant_bioproject (18/125)
GCF_047417355.1	GCA_047417355.1	ASM4741735v1	Chlamydia trachomatis	J/UW-36/Cx			SAMN42646832	PRJNA1137892	PRJNA1137892	Chlamydia trachomatis reference genomes	University of California San Francisco	2025-02-04	Illumina NovaSeq; Oxford Nanopore GridION	SPAdes v. v3.15.5; Flye v. 2.9.3-b1797	Complete Genome	current	SOURCE_DATABASE_REFSEQ	1049015	41.5	1	1	1971	USA: Washington	Homo sapiens	not applicable	STI	OK	species_match	98.93	1.73	strain=J/UW-36/Cx; collected_by=not applicable; collection_date=1971; geo_loc_name=USA: Washington; host=Homo sapiens; host_disease=STI; isolation_source=not applicable; lat_lon=not applicable; title=Pathogen: clinical or host-associated sample from Chlamydia trachomatis	primary	INCLUDE	dominant_bioproject (18/125)
GCF_047417365.1	GCA_047417365.1	ASM4741736v1	Chlamydia trachomatis	Ia/UW-202			SAMN42646831	PRJNA1137892	PRJNA1137892	Chlamydia trachomatis reference genomes	University of California San Francisco	2025-02-04	Illumina NovaSeq; Oxford Nanopore GridION	SPAdes v. v3.15.5; Flye v. 2.9.3-b1797	Complete Genome	current	SOURCE_DATABASE_REFSEQ	1042866	41.5	1	1	1985	USA: Washington	Homo sapiens	not applicable	STI	OK	species_match	98.81	1.73	strain=Ia/UW-202; collected_by=not applicable; collection_date=1985; geo_loc_name=USA: Washington; host=Homo sapiens; host_disease=STI; isolation_source=not applicable; lat_lon=not applicable; title=Pathogen: clinical or host-associated sample from Chlamydia trachomatis	primary	INCLUDE	dominant_bioproject (18/125)
GCF_047417375.1	GCA_047417375.1	ASM4741737v1	Chlamydia trachomatis	Ja/UW-92			SAMN42646833	PRJNA1137892	PRJNA1137892	Chlamydia trachomatis reference genomes	University of California San Francisco	2025-02-04	Illumina NovaSeq; Oxford Nanopore GridION	SPAdes v. v3.15.5; Flye v. 2.9.3-b1797	Complete Genome	current	SOURCE_DATABASE_REFSEQ	1043805	41.5	1	1	1992	USA: Washington	Homo sapiens	not applicable	STI	OK	species_match	98.75	2.22	strain=Ja/UW-92; collected_by=not applicable; collection_date=1992; geo_loc_name=USA: Washington; host=Homo sapiens; host_disease=STI; isolation_source=not applicable; lat_lon=not applicable; title=Pathogen: clinical or host-associated sample from Chlamydia trachomatis	primary	INCLUDE	dominant_bioproject (18/125)
GCF_047418505.1	GCA_047418505.1	ASM4741850v1	Chlamydia trachomatis	G/UW-57/Cx			SAMN42646828	PRJNA1137892	PRJNA1137892	Chlamydia trachomatis reference genomes	University of California San Francisco	2025-02-04	Illumina NovaSeq; Oxford Nanopore GridION	SPAdes v. v3.15.5; Flye v. 2.9.3-b1797	Complete Genome	current	SOURCE_DATABASE_REFSEQ	1042522	41.5	1	1	1971	USA: Washington	Homo sapiens	not applicable	STI	OK	species_match	98.67	2.22	strain=G/UW-57/Cx; collected_by=not applicable; collection_date=1971; geo_loc_name=USA: Washington; host=Homo sapiens; host_disease=STI; isolation_source=not applicable; lat_lon=not applicable; title=Pathogen: clinical or host-associated sample from Chlamydia trachomatis	primary	INCLUDE	dominant_bioproject (18/125)
GCF_047418515.1	GCA_047418515.1	ASM4741851v1	Chlamydia trachomatis	H/UW-4/Cx			SAMN42646829	PRJNA1137892	PRJNA1137892	Chlamydia trachomatis reference genomes	University of California San Francisco	2025-02-04	Illumina NovaSeq; Oxford Nanopore GridION	SPAdes v. v3.15.5; Flye v. 2.9.3-b1797	Complete Genome	current	SOURCE_DATABASE_REFSEQ	1047421	41.5	1	1	1965	USA: Washington	Homo sapiens	not applicable	STI	OK	species_match	99.02	1.73	strain=H/UW-4/Cx; collected_by=not applicable; collection_date=1965; geo_loc_name=USA: Washington; host=Homo sapiens; host_disease=STI; isolation_source=not applicable; lat_lon=not applicable; title=Pathogen: clinical or host-associated sample from Chlamydia trachomatis	primary	INCLUDE	dominant_bioproject (18/125)
GCF_047418525.1	GCA_047418525.1	ASM4741852v1	Chlamydia trachomatis I/UW-12/UR	I/UW-12/UR			SAMN42646830	PRJNA1137892	PRJNA1137892	Chlamydia trachomatis reference genomes	University of California San Francisco	2025-02-04	Illumina NovaSeq; Oxford Nanopore GridION	SPAdes v. v3.15.5; Flye v. 2.9.3-b1797	Complete Genome	current	SOURCE_DATABASE_REFSEQ	1043106	41.5	1	1	1966	USA: Washington	Homo sapiens	not applicable	STI	OK	species_match	98.18	2.22	strain=I/UW-12/UR; collected_by=not applicable; collection_date=1966; geo_loc_name=USA: Washington; host=Homo sapiens; host_disease=STI; isolation_source=not applicable; lat_lon=not applicable; title=Pathogen: clinical or host-associated sample from Chlamydia trachomatis I/UW-12/UR	primary	INCLUDE	dominant_bioproject (18/125)
GCF_047419415.1	GCA_047419415.1	ASM4741941v1	Chlamydia trachomatis	F/IC-Cal-13			SAMN42646827	PRJNA1137892	PRJNA1137892	Chlamydia trachomatis reference genomes	University of California San Francisco	2025-02-04	Illumina NovaSeq; Oxford Nanopore GridION	SPAdes v. v3.15.5; Flye v. 2.9.3-b1797	Complete Genome	current	SOURCE_DATABASE_REFSEQ	1042745	41.5	1	1	1960	USA: California	Homo sapiens	not applicable	STI	OK	species_match	98.67	2.22	strain=F/IC-Cal-13; collected_by=not applicable; collection_date=1960; geo_loc_name=USA: California; host=Homo sapiens; host_disease=STI; isolation_source=not applicable; lat_lon=not applicable; title=Pathogen: clinical or host-associated sample from Chlamydia trachomatis	primary	INCLUDE	dominant_bioproject (18/125)
GCF_047419425.1	GCA_047419425.1	ASM4741942v1	Chlamydia trachomatis	E/bour			SAMN42646826	PRJNA1137892	PRJNA1137892	Chlamydia trachomatis reference genomes	University of California San Francisco	2025-02-04	Illumina NovaSeq; Oxford Nanopore GridION	SPAdes v. v3.15.5; Flye v. 2.9.3-b1797	Complete Genome	current	SOURCE_DATABASE_REFSEQ	1042685	41.5	1	1	1959	USA: California	Homo sapiens	not applicable	STI	OK	species_match	98.6	2.22	strain=E/bour; collected_by=not applicable; collection_date=1959; geo_loc_name=USA: California; host=Homo sapiens; host_disease=STI; isolation_source=not applicable; lat_lon=not applicable; title=Pathogen: clinical or host-associated sample from Chlamydia trachomatis	primary	INCLUDE	duplicate_strain_name || dominant_bioproject (18/125)
GCF_047419435.1	GCA_047419435.1	ASM4741943v1	Chlamydia trachomatis	Da/TW-448			SAMN42646825	PRJNA1137892	PRJNA1137892	Chlamydia trachomatis reference genomes	University of California San Francisco	2025-02-04	Illumina NovaSeq; Oxford Nanopore GridION	SPAdes v. v3.15.5; Flye v. 2.9.3-b1797	Complete Genome	current	SOURCE_DATABASE_REFSEQ	1042206	41.5	1	1	1985	Taiwan	Homo sapiens	not applicable	STI	OK	species_match	98.77	2.22	strain=Da/TW-448; collected_by=not applicable; collection_date=1985; geo_loc_name=Taiwan; host=Homo sapiens; host_disease=STI; isolation_source=not applicable; lat_lon=not applicable; title=Pathogen: clinical or host-associated sample from Chlamydia trachomatis	primary	INCLUDE	dominant_bioproject (18/125)
GCF_047420685.1	GCA_047420685.1	ASM4742068v1	Chlamydia trachomatis	D/UW-3/Cx			SAMN42646824	PRJNA1137892	PRJNA1137892	Chlamydia trachomatis reference genomes	University of California San Francisco	2025-02-04	Illumina NovaSeq; Oxford Nanopore GridION	SPAdes v. v3.15.5; Flye v. 2.9.3-b1797	Complete Genome	current	SOURCE_DATABASE_REFSEQ	1042687	41.5	1	1	1965	USA: Washington	Homo sapiens	not applicable	STI	OK	species_match	98.25	2.22	strain=D/UW-3/Cx; collected_by=not applicable; collection_date=1965; geo_loc_name=USA: Washington; host=Homo sapiens; host_disease=STI; isolation_source=not applicable; lat_lon=not applicable; title=Pathogen: clinical or host-associated sample from Chlamydia trachomatis	primary	INCLUDE	duplicate_strain_name || dominant_bioproject (18/125)
GCF_047420695.1	GCA_047420695.1	ASM4742069v1	Chlamydia trachomatis	C/TW-3/OT			SAMN42646823	PRJNA1137892	PRJNA1137892	Chlamydia trachomatis reference genomes	University of California San Francisco	2025-02-04	Illumina NovaSeq; Oxford Nanopore GridION	SPAdes v. v3.15.5; Flye v. 2.9.3-b1797	Complete Genome	current	SOURCE_DATABASE_REFSEQ	1043661	41.5	1	1	1959	Taiwan	Homo sapiens	not applicable	Conjuctivitis	OK	species_match	98.41	2.22	strain=C/TW-3/OT; collected_by=not applicable; collection_date=1959; geo_loc_name=Taiwan; host=Homo sapiens; host_disease=Conjuctivitis; isolation_source=not applicable; lat_lon=not applicable; title=Pathogen: clinical or host-associated sample from Chlamydia trachomatis	primary	INCLUDE	dominant_bioproject (18/125)
GCF_047420705.1	GCA_047420705.1	ASM4742070v1	Chlamydia trachomatis	Ba/Apache-2			SAMN42646822	PRJNA1137892	PRJNA1137892	Chlamydia trachomatis reference genomes	University of California San Francisco	2025-02-04	Illumina NovaSeq; Oxford Nanopore GridION	SPAdes v. v3.15.5; Flye v. 2.9.3-b1797	Complete Genome	current	SOURCE_DATABASE_REFSEQ	1044362	41.5	1	1	1960	USA: Arizona	Homo sapiens	not applicable	Conjuctivitis	OK	species_match	98.7	2.22	strain=Ba/Apache-2; collected_by=not applicable; collection_date=1960; geo_loc_name=USA: Arizona; host=Homo sapiens; host_disease=Conjuctivitis; isolation_source=not applicable; lat_lon=not applicable; title=Pathogen: clinical or host-associated sample from Chlamydia trachomatis	primary	INCLUDE	dominant_bioproject (18/125)
GCF_047421435.1	GCA_047421435.1	ASM4742143v1	Chlamydia trachomatis	A/Sa-1			SAMN42646820	PRJNA1137892	PRJNA1137892	Chlamydia trachomatis reference genomes	University of California San Francisco	2025-02-04	Illumina NovaSeq; Oxford Nanopore GridION	SPAdes v. v3.15.5; Flye v. 2.9.3-b1797	Complete Genome	current	SOURCE_DATABASE_REFSEQ	1044098	41.5	1	1	1957	Saudi Arabia	Homo sapiens	not applicable	Conjuctivitis	OK	species_match	98.69	2.22	strain=A/Sa-1; collected_by=not applicable; collection_date=1957; geo_loc_name=Saudi Arabia; host=Homo sapiens; host_disease=Conjuctivitis; isolation_source=not applicable; lat_lon=not applicable; title=Pathogen: clinical or host-associated sample from Chlamydia trachomatis	primary	INCLUDE	dominant_bioproject (18/125)
GCF_047421445.1	GCA_047421445.1	ASM4742144v1	Chlamydia trachomatis	B/TW-5/OT			SAMN42646821	PRJNA1137892	PRJNA1137892	Chlamydia trachomatis reference genomes	University of California San Francisco	2025-02-04	Illumina NovaSeq; Oxford Nanopore GridION	SPAdes v. v3.15.5; Flye v. 2.9.3-b1797	Complete Genome	current	SOURCE_DATABASE_REFSEQ	1033232	41.5	1	1	1959	Taiwan	Homo sapiens	not applicable	Conjuctivitis	OK	species_match	93.78	2.22	strain=B/TW-5/OT; collected_by=not applicable; collection_date=1959; geo_loc_name=Taiwan; host=Homo sapiens; host_disease=Conjuctivitis; isolation_source=not applicable; lat_lon=not applicable; title=Pathogen: clinical or host-associated sample from Chlamydia trachomatis	primary	INCLUDE	dominant_bioproject (18/125)
GCF_059083935.1	GCA_059083935.1	ASM5908393v1	Chlamydia trachomatis	D/Ep6/S19-121		D/Ep6	SAMN48996499	PRJNA1274633	PRJNA1274633	Chlamydia trachomatis strain:D/Ep6/S19-121 Genome sequencing	Konkuk University	2026-07-08	PacBio; Illumina NovaSeq	Hifiasm v. 0.19.9	Complete Genome	current	SOURCE_DATABASE_REFSEQ	1046451	41.5	2	2	2018	South Korea	Homo sapiens	swab	Sexually transmitted infection (STI)	OK	species_match	98.93	1.73	strain=D/Ep6/S19-121; collected_by=College of Medicine, Konkuk university; collection_date=2018; geo_loc_name=South Korea; host=Homo sapiens; host_disease=Sexually transmitted infection (STI); isolation_source=swab; lat_lon=37.82 N 128.31 E; host_age=20; host_sex=female; serovar=D/Ep6; Hyungsuk Kang=Co-investigator; Won-Jong Jang=Principal investigator; Yeon-Joo Choi=Co-investigator; title=Pathogen: clinical or host-associated sample from Chlamydia trachomatis	primary	INCLUDE	
